id,id_anfitrion,zona_grupo,vecindario,latitud,longitud,tipo_propiedad,tipo_habitacion,capacidad,banos,recamaras,camas,texto_banos,noches_minimas,noches_maximas,min_noches_maximas,max_noches_maximas,precio,disp_30d,disp_60d,disp_90d,disp_365d,num_resenas,num_resenas_12m,num_resenas_30d,primera_resena,ultima_resena,resenas_por_mes,calif_total,calif_exactitud,calif_limpieza,calif_checkin,calif_comunicacion,calif_ubicacion,calif_valor,reserva_inmediata,es_superhost,antiguedad_host,tiempo_respuesta_host,tasa_respuesta_host,tasa_aceptacion_host,host_tiene_foto,host_verificado,listados_host,total_listados_host,host_total_casas_completas,host_total_habitaciones_privadas,host_total_habitaciones_compartidas,licencia,amenidades
536332,2634978,Isole,Castello,45.4332,12.35018,Entire rental unit,Entire home/apt,4,1.0,1.0,2.0,1 bath,1,1125,1125,1125,156.0,26,46,47,47,66,5,0,2012-09-10,2025-05-03,0.42,4.44,4.62,4.53,4.2,4.36,4.8,4.39,t,f,2012-06-14,within an hour,0.99,0.99,t,t,139.0,139.0,134,0,0,IT027042B4J7UIK7BG,"[""Heating"", ""Essentials"", ""Air conditioning"", ""Coffee maker"", ""Dishes and silverware"", ""Fire extinguisher"", ""Pets allowed"", ""Oven"", ""Host greets you"", ""Hot water kettle"", ""Washer"", ""Iron"", ""Wifi"", ""Refrigerator"", ""Bed linens"", ""Hot water"", ""Crib"", ""Kitchen"", ""Hair dryer"", ""Carbon monoxide alarm"", ""Dishwasher"", ""Stove""]"
563510,2634978,Isole,Santa Croce,45.43976,12.32405,Entire rental unit,Entire home/apt,6,1.0,2.0,1.0,2 baths,1,1125,1125,1125,228.50778129734195,9,17,36,303,235,21,2,2013-07-14,2025-05-31,1.62,4.76,4.83,4.77,4.81,4.77,4.96,4.66,t,f,2012-06-14,within an hour,0.99,0.99,t,t,139.0,139.0,134,0,0,IT027042B4FP4CRU8D,"[""Microwave"", ""Heating"", ""Essentials"", ""Air conditioning"", ""Coffee maker"", ""Dishes and silverware"", ""Fire extinguisher"", ""Pets allowed"", ""Oven"", ""Host greets you"", ""Hot water kettle"", ""Washer"", ""Iron"", ""Bathtub"", ""Wifi"", ""Refrigerator"", ""Bed linens"", ""Patio or balcony"", ""Toaster"", ""Hot water"", ""Crib"", ""Kitchen"", ""Hair dryer"", ""Carbon monoxide alarm"", ""Dishwasher"", ""Elevator"", ""Stove"", ""Freezer""]"
12753082,2634978,Isole,Cannaregio,45.44176,12.34045,Entire rental unit,Entire home/apt,6,2.5,2.0,3.0,2.5 baths,1,1125,1125,1125,198.0,6,15,35,294,73,16,2,2016-12-18,2025-06-03,0.71,4.49,4.55,4.62,4.58,4.67,4.73,4.49,t,f,2012-06-14,within an hour,0.99,0.99,t,t,139.0,139.0,134,0,0,IT027042B4TNN56RHA,"[""Microwave"", ""Heating"", ""Essentials"", ""Air conditioning"", ""Coffee maker"", ""Dishes and silverware"", ""Fire extinguisher"", ""Pets allowed"", ""Host greets you"", ""Cooking basics"", ""Washer"", ""Iron"", ""Wifi"", ""Refrigerator"", ""Bed linens"", ""Hot water"", ""Crib"", ""Kitchen"", ""Hair dryer"", ""Carbon monoxide alarm"", ""Dishwasher"", ""Stove""]"
12861076,2634978,Isole,Cannaregio,45.44193,12.33771,Entire rental unit,Entire home/apt,8,3.0,3.0,6.0,3 baths,1,1125,1125,1125,277.0,2,21,41,305,66,13,2,2016-06-26,2025-05-31,0.6,4.65,4.77,4.7,4.71,4.71,4.82,4.56,t,f,2012-06-14,within an hour,0.99,0.99,t,t,139.0,139.0,134,0,0,IT027042C2S9VUZ4VT,"[""Heating"", ""Essentials"", ""Air conditioning"", ""Coffee maker"", ""Dishes and silverware"", ""Fire extinguisher"", ""Pets allowed"", ""Oven"", ""Host greets you"", ""Hot water kettle"", ""Washer"", ""Iron"", ""Wifi"", ""Refrigerator"", ""Bed linens"", ""Toaster"", ""Hot water"", ""Crib"", ""Kitchen"", ""Hair dryer"", ""Carbon monoxide alarm"", ""Dishwasher"", ""Stove"", ""Freezer""]"
12881240,2634978,Isole,Cannaregio,45.44315,12.33065,Entire rental unit,Entire home/apt,4,1.0,1.0,2.0,1 bath,1,1125,1125,1125,365.0,4,21,43,230,52,12,1,2016-09-06,2025-05-18,0.49,4.65,4.77,4.67,4.75,4.58,4.96,4.6,t,f,2012-06-14,within an hour,0.99,0.99,t,t,139.0,139.0,134,0,0,IT027042B4653XP6NG,"[""Microwave"", ""Heating"", ""Essentials"", ""Air conditioning"", ""Coffee maker"", ""Dishes and silverware"", ""Fire extinguisher"", ""Pets allowed"", ""Oven"", ""Host greets you"", ""Hot water kettle"", ""Washer"", ""Iron"", ""Wifi"", ""Refrigerator"", ""Bed linens"", ""Patio or balcony"", ""Toaster"", ""Hot water"", ""Crib"", ""Kitchen"", ""Hair dryer"", ""Carbon monoxide alarm"", ""Dishwasher"", ""Elevator"", ""Stove"", ""Freezer""]"
13160675,2634978,Isole,Cannaregio,45.439212,12.336494,Entire rental unit,Entire home/apt,8,2.0,3.0,7.0,2 baths,31,1125,1125,1125,150.0,0,9,12,280,49,18,0,2016-10-17,2024-11-27,0.46,4.43,4.59,4.59,4.51,4.53,4.78,4.47,t,f,2012-06-14,within an hour,0.99,0.99,t,t,139.0,139.0,134,0,0,SL222222X2XX2XXXX2,"[""Microwave"", ""Heating"", ""Essentials"", ""Air conditioning"", ""Coffee maker"", ""Dishes and silverware"", ""Pets allowed"", ""Oven"", ""Host greets you"", ""Cooking basics"", ""Hot water kettle"", ""Washer"", ""Iron"", ""Wifi"", ""Refrigerator"", ""Bed linens"", ""Hot water"", ""Crib"", ""Kitchen"", ""Smoke alarm"", ""Hair dryer"", ""Long term stays allowed"", ""Carbon monoxide alarm"", ""Dishwasher"", ""Stove""]"
13161601,2634978,Isole,Castello,45.43454,12.34095,Entire rental unit,Entire home/apt,4,2.0,1.0,2.0,2 baths,1,1125,1125,1125,173.0,16,32,57,332,47,16,2,2018-09-18,2025-05-22,0.57,4.64,4.72,4.57,4.3,4.66,4.96,4.45,t,f,2012-06-14,within an hour,0.99,0.99,t,t,139.0,139.0,134,0,0,IT027042B4YPL2YEMO,"[""Heating"", ""Essentials"", ""Air conditioning"", ""Coffee maker"", ""Dishes and silverware"", ""Fire extinguisher"", ""Pets allowed"", ""Oven"", ""Host greets you"", ""Hot water kettle"", ""Washer"", ""Iron"", ""Wifi"", ""Refrigerator"", ""Bed linens"", ""Toaster"", ""Hot water"", ""Crib"", ""Kitchen"", ""Hair dryer"", ""Carbon monoxide alarm"", ""Stove"", ""Freezer""]"
13163603,2634978,Isole,San Marco,45.43483,12.33716,Entire rental unit,Entire home/apt,6,1.0,2.0,4.0,1 bath,1,1125,1125,1125,338.0,8,24,47,299,82,17,1,2016-07-19,2025-05-18,0.76,4.39,4.54,4.67,4.64,4.68,4.79,4.41,t,f,2012-06-14,within an hour,0.99,0.99,t,t,139.0,139.0,134,0,0,IT027042B4ZMSH9OAQ,"[""Microwave"", ""Heating"", ""Essentials"", ""Air conditioning"", ""Coffee maker"", ""Dishes and silverware"", ""Host greets you"", ""Hot water kettle"", ""Washer"", ""Iron"", ""Wifi"", ""Refrigerator"", ""Bed linens"", ""Toaster"", ""Hot water"", ""Crib"", ""Kitchen"", ""Hair dryer"", ""Dishwasher"", ""Elevator"", ""Stove"", ""Dryer"", ""Freezer""]"
13228648,2634978,Isole,San Marco,45.43419,12.33541,Entire rental unit,Entire home/apt,7,2.0,3.0,5.0,2 baths,1,1125,1125,1125,420.0,4,16,31,274,73,7,1,2016-08-07,2025-05-18,0.68,4.64,4.7,4.86,4.75,4.73,4.96,4.61,t,f,2012-06-14,within an hour,0.99,0.99,t,t,139.0,139.0,134,0,0,IT027042C2RSXCP7M5,"[""Microwave"", ""Heating"", ""Essentials"", ""Air conditioning"", ""Coffee maker"", ""Dishes and silverware"", ""Oven"", ""Host greets you"", ""Hot water kettle"", ""Washer"", ""Iron"", ""Wifi"", ""Refrigerator"", ""Bed linens"", ""Toaster"", ""Hot water"", ""Crib"", ""Kitchen"", ""Hair dryer"", ""Dishwasher"", ""Stove"", ""Freezer""]"
13383345,2634978,Isole,Cannaregio,45.4456,12.3261,Entire rental unit,Entire home/apt,6,1.0,2.0,3.0,1 bath,1,1125,1125,1125,162.0,6,16,38,298,71,14,1,2016-10-02,2025-05-27,0.67,4.37,4.49,4.61,4.51,4.46,4.66,4.15,t,f,2012-06-14,within an hour,0.99,0.99,t,t,139.0,139.0,134,0,0,IT027042B4QF4S6LFV,"[""Microwave"", ""Heating"", ""Essentials"", ""Air conditioning"", ""Coffee maker"", ""Dishes and silverware"", ""Pets allowed"", ""Host greets you"", ""Hot water kettle"", ""Washer"", ""Iron"", ""Wifi"", ""Refrigerator"", ""Bed linens"", ""Toaster"", ""Hot water"", ""Crib"", ""Kitchen"", ""Hair dryer"", ""Dishwasher"", ""Stove"", ""Freezer""]"
13384176,2634978,Isole,San Marco,45.43551,12.34024,Entire rental unit,Entire home/apt,8,2.0,3.0,5.0,2 baths,1,1125,1125,1125,464.0,1,8,18,256,179,23,1,2016-07-29,2025-05-23,1.65,4.71,4.75,4.72,4.72,4.82,4.93,4.67,t,f,2012-06-14,within an hour,0.99,0.99,t,t,139.0,139.0,134,0,0,IT027042C2JRZASPQS,"[""Microwave"", ""Heating"", ""Essentials"", ""Air conditioning"", ""Coffee maker"", ""Dishes and silverware"", ""Fire extinguisher"", ""Pets allowed"", ""Gas stove"", ""Oven"", ""Host greets you"", ""Washer"", ""Iron"", ""Bathtub"", ""Wifi"", ""Refrigerator"", ""Patio or balcony"", ""Hot water"", ""Crib"", ""Kitchen"", ""Smoke alarm"", ""Hair dryer"", ""Carbon monoxide alarm"", ""Dishwasher""]"
13386499,2634978,Isole,Santa Croce,45.43993,12.32234,Entire rental unit,Entire home/apt,5,1.0,2.0,1.0,2 baths,1,1125,1125,1125,228.50778129734195,5,9,17,267,58,20,2,2016-11-02,2025-06-02,0.55,4.55,4.67,4.71,4.64,4.59,4.91,4.5,t,f,2012-06-14,within an hour,0.99,0.99,t,t,139.0,139.0,134,0,0,IT027042B4JEBJK73F,"[""Microwave"", ""Heating"", ""Essentials"", ""Air conditioning"", ""Coffee maker"", ""Dishes and silverware"", ""Oven"", ""Host greets you"", ""Washer"", ""Iron"", ""Bathtub"", ""Wifi"", ""Refrigerator"", ""Bed linens"", ""Patio or balcony"", ""Hot water"", ""Crib"", ""Kitchen"", ""Hair dryer"", ""Dishwasher"", ""Elevator"", ""Stove""]"
13406011,2634978,Isole,San Marco,45.43514,12.3388,Entire rental unit,Entire home/apt,6,1.0,2.0,1.0,2 baths,1,1125,1125,1125,228.50778129734195,3,12,34,283,156,25,2,2016-07-19,2025-05-20,1.44,4.55,4.7,4.61,4.53,4.64,4.93,4.52,t,f,2012-06-14,within an hour,0.99,0.99,t,t,139.0,139.0,134,0,0,IT027042B4G09CFCWT,"[""Microwave"", ""Heating"", ""Essentials"", ""Air conditioning"", ""Coffee maker"", ""Dishes and silverware"", ""Pets allowed"", ""Oven"", ""Host greets you"", ""Hot water kettle"", ""Washer"", ""Iron"", ""Wifi"", ""Refrigerator"", ""Bed linens"", ""Toaster"", ""Hot water"", ""Crib"", ""Kitchen"", ""Hair dryer"", ""Dishwasher"", ""Stove"", ""Freezer""]"
13407392,2634978,Isole,Santa Croce,45.44038,12.3295,Entire rental unit,Entire home/apt,8,2.0,2.0,5.0,2 baths,1,1125,1125,1125,382.0,7,22,46,319,165,32,0,2016-08-09,2025-04-23,1.53,4.74,4.85,4.88,4.81,4.72,4.83,4.63,t,f,2012-06-14,within an hour,0.99,0.99,t,t,139.0,139.0,134,0,0,IT027042B46KUF9FCI,"[""Microwave"", ""Heating"", ""Essentials"", ""Air conditioning"", ""Coffee maker"", ""Dishes and silverware"", ""Pets allowed"", ""Host greets you"", ""Hot water kettle"", ""Washer"", ""Iron"", ""Wifi"", ""Refrigerator"", ""Bed linens"", ""Toaster"", ""Hot water"", ""Crib"", ""Kitchen"", ""Hair dryer"", ""Dishwasher"", ""Stove"", ""Freezer""]"
13420595,2634978,Isole,San Marco,45.4364,12.33809,Entire rental unit,Entire home/apt,6,2.0,2.0,3.0,2 baths,1,1125,1125,1125,262.0,9,28,52,316,78,10,1,2017-01-02,2025-05-30,0.76,4.49,4.77,4.78,4.58,4.6,4.94,4.62,t,f,2012-06-14,within an hour,0.99,0.99,t,t,139.0,139.0,134,0,0,IT027042C2XJ5JQXRZ,"[""Microwave"", ""Heating"", ""Essentials"", ""Air conditioning"", ""Coffee maker"", ""Dishes and silverware"", ""Oven"", ""Host greets you"", ""Iron"", ""Wifi"", ""Refrigerator"", ""Bed linens"", ""Private patio or balcony"", ""Hot water"", ""Crib"", ""Kitchen"", ""Hair dryer"", ""TV"", ""Dishwasher"", ""Stove""]"
13518334,2634978,Isole,Dorsoduro,45.43099,12.3326,Entire rental unit,Entire home/apt,3,1.0,1.0,2.0,1 bath,1,1125,1125,1125,154.0,18,48,78,353,24,10,0,2021-10-31,2025-04-21,0.54,4.46,4.5,4.29,4.63,4.67,4.71,4.04,t,f,2012-06-14,within an hour,0.99,0.99,t,t,139.0,139.0,134,0,0,IT027042B4HM32XHS9,"[""Refrigerator"", ""Bed linens"", ""Host greets you"", ""Microwave"", ""Heating"", ""Essentials"", ""Air conditioning"", ""Coffee maker"", ""Dishes and silverware"", ""Stove"", ""Hot water"", ""Crib"", ""Kitchen"", ""Iron"", ""Pets allowed"", ""Hair dryer"", ""Wifi""]"
13552264,2634978,Isole,San Marco,45.4327,12.3353,Entire rental unit,Entire home/apt,12,1.0,5.0,1.0,5 baths,1,1125,1125,1125,228.50778129734195,11,23,42,272,129,21,2,2016-09-30,2025-05-31,1.22,4.67,4.75,4.66,4.73,4.77,4.95,4.55,t,f,2012-06-14,within an hour,0.99,0.99,t,t,139.0,139.0,134,0,0,IT027042B4L99OML2Y,"[""Microwave"", ""Heating"", ""Essentials"", ""Air conditioning"", ""Coffee maker"", ""Dishes and silverware"", ""Dining table"", ""Baking sheet"", ""Fire extinguisher"", ""Pets allowed"", ""Oven"", ""Host greets you"", ""Wine glasses"", ""Washer"", ""Iron"", ""Bathtub"", ""Wifi"", ""Refrigerator"", ""Patio or balcony"", ""Hot water"", ""Crib"", ""Kitchen"", ""Hair dryer"", ""Drying rack for clothing"", ""Carbon monoxide alarm"", ""Dishwasher"", ""Stove"", ""Freezer"", ""Bidet""]"
13554529,2634978,Isole,Santa Croce,45.43928,12.3223,Entire rental unit,Entire home/apt,6,2.0,3.0,5.0,2 baths,1,1125,1125,1125,265.0,5,10,24,32,18,4,0,2016-07-19,2024-07-04,0.17,4.5,4.67,4.5,4.72,4.5,4.89,4.39,t,f,2012-06-14,within an hour,0.99,0.99,t,t,139.0,139.0,134,0,0,IT027042B4ZPX6HUKK,"[""Microwave"", ""Heating"", ""Essentials"", ""Air conditioning"", ""Coffee maker"", ""Dishes and silverware"", ""Oven"", ""Host greets you"", ""Hot water kettle"", ""Washer"", ""Iron"", ""Bathtub"", ""Wifi"", ""Refrigerator"", ""Bed linens"", ""Toaster"", ""Hot water"", ""Crib"", ""Kitchen"", ""Hair dryer"", ""Dishwasher"", ""Elevator"", ""Stove"", ""Freezer""]"
13852639,2634978,Isole,Castello,45.43953,12.34298,Entire rental unit,Entire home/apt,5,1.0,2.0,3.0,1 bath,1,1125,1125,1125,198.0,12,31,47,307,19,7,1,2016-08-18,2025-05-18,0.18,4.53,4.58,4.63,4.63,4.74,4.89,4.47,t,f,2012-06-14,within an hour,0.99,0.99,t,t,139.0,139.0,134,0,0,IT027042B48RGZCMTO,"[""Microwave"", ""Heating"", ""Essentials"", ""Air conditioning"", ""Coffee maker"", ""Dishes and silverware"", ""Pets allowed"", ""Oven"", ""Host greets you"", ""Washer"", ""Iron"", ""Wifi"", ""Refrigerator"", ""Bed linens"", ""Hot water"", ""Crib"", ""Kitchen"", ""Hair dryer"", ""Dishwasher"", ""Stove""]"
13968355,2634978,Isole,Cannaregio,45.44048,12.33713,Entire rental unit,Entire home/apt,5,2.0,3.0,4.0,2 baths,1,1125,1125,1125,205.0,7,13,16,275,55,12,2,2017-07-03,2025-05-22,0.57,4.64,4.78,4.64,4.76,4.8,4.93,4.51,t,f,2012-06-14,within an hour,0.99,0.99,t,t,139.0,139.0,134,0,0,IT027042B469CBHU22,"[""Microwave"", ""Heating"", ""Essentials"", ""Air conditioning"", ""Coffee maker"", ""Dishes and silverware"", ""Pets allowed"", ""Oven"", ""Host greets you"", ""Washer"", ""Iron"", ""Wifi"", ""Refrigerator"", ""Hot water"", ""Crib"", ""Kitchen"", ""Hair dryer"", ""Dishwasher"", ""Stove""]"
13983314,2634978,Isole,San Marco,45.4315,12.33291,Entire rental unit,Entire home/apt,5,2.0,2.0,3.0,2 baths,1,1125,1125,1125,253.0,2,7,14,211,2,0,0,2017-04-12,2017-08-14,0.02,4.5,5.0,5.0,5.0,5.0,5.0,5.0,t,f,2012-06-14,within an hour,0.99,0.99,t,t,139.0,139.0,134,0,0,IT027042C2SGL3SYNP,"[""Microwave"", ""Heating"", ""Essentials"", ""Air conditioning"", ""Coffee maker"", ""Dishes and silverware"", ""Pets allowed"", ""Oven"", ""Host greets you"", ""Washer"", ""Iron"", ""Bathtub"", ""Wifi"", ""Refrigerator"", ""Bed linens"", ""Hot water"", ""Crib"", ""Kitchen"", ""Hair dryer"", ""Dishwasher"", ""Stove""]"
14002485,2634978,Isole,Castello,45.43575,12.34207,Entire rental unit,Entire home/apt,6,1.0,2.0,4.0,1 bath,1,1125,1125,1125,217.0,7,9,25,274,19,6,2,2016-09-10,2025-05-31,0.18,4.26,4.42,4.47,4.47,4.58,4.84,4.53,t,f,2012-06-14,within an hour,0.99,0.99,t,t,139.0,139.0,134,0,0,IT027042C2AHMJVB6M,"[""Microwave"", ""Heating"", ""Essentials"", ""Air conditioning"", ""Coffee maker"", ""Dishes and silverware"", ""Pets allowed"", ""Oven"", ""Host greets you"", ""Hot water kettle"", ""Washer"", ""Iron"", ""Wifi"", ""Refrigerator"", ""Bed linens"", ""Toaster"", ""Hot water"", ""Crib"", ""Kitchen"", ""Hair dryer"", ""Dishwasher"", ""Stove"", ""Freezer""]"
14003869,2634978,Isole,Castello,45.43549,12.34077,Entire rental unit,Entire home/apt,6,1.0,2.0,4.0,1 bath,1,1125,1125,1125,193.0,10,14,35,293,22,5,0,2018-05-26,2024-10-13,0.26,4.0,4.23,3.95,4.59,4.59,4.86,3.95,t,f,2012-06-14,within an hour,0.99,0.99,t,t,139.0,139.0,134,0,0,IT027042C2Z5BOXBWS,"[""Refrigerator"", ""Oven"", ""Bed linens"", ""Host greets you"", ""Microwave"", ""Heating"", ""Essentials"", ""Air conditioning"", ""Coffee maker"", ""Dishes and silverware"", ""Stove"", ""Hot water"", ""Crib"", ""Kitchen"", ""Iron"", ""Pets allowed"", ""Hair dryer"", ""Wifi""]"
14245145,2634978,Isole,Castello,45.43672,12.34438,Entire rental unit,Entire home/apt,6,1.0,2.0,4.0,1 bath,1,1125,1125,1125,181.0,20,36,53,328,89,5,0,2016-09-28,2025-05-04,0.84,4.33,4.55,4.54,4.49,4.64,4.82,4.41,t,f,2012-06-14,within an hour,0.99,0.99,t,t,139.0,139.0,134,0,0,IT027042B4936GPTET,"[""Essentials"", ""Air conditioning"", ""Coffee maker"", ""Dishes and silverware"", ""Dining table"", ""Oven"", ""Host greets you"", ""Washer"", ""Iron"", ""Bathtub"", ""Wifi"", ""Refrigerator"", ""Bed linens"", ""Central heating"", ""Crib - available upon request"", ""Hot water"", ""Kitchen"", ""Clothing storage: closet and dresser"", ""Hair dryer"", ""TV"", ""Dishwasher"", ""Stove"", ""Bidet""]"
14309119,2634978,Isole,San Marco,45.43487,12.33639,Entire rental unit,Entire home/apt,4,2.0,1.0,2.0,2 baths,1,1125,1125,1125,177.0,12,24,45,313,48,13,0,2016-09-14,2025-05-13,0.45,4.42,4.75,4.52,4.73,4.56,4.83,4.31,t,f,2012-06-14,within an hour,0.99,0.99,t,t,139.0,139.0,134,0,0,IT027042B4UEEKA9OA,"[""Microwave"", ""Heating"", ""Essentials"", ""Air conditioning"", ""Coffee maker"", ""Dishes and silverware"", ""Pets allowed"", ""Host greets you"", ""Hot water kettle"", ""Washer"", ""Iron"", ""Wifi"", ""Refrigerator"", ""Bed linens"", ""Toaster"", ""Hot water"", ""Crib"", ""Kitchen"", ""Hair dryer"", ""Stove"", ""Freezer""]"
14409790,2634978,Isole,San Polo,45.43794,12.33371,Entire rental unit,Entire home/apt,6,1.0,2.0,3.0,1 bath,1,1125,1125,1125,182.0,11,23,51,320,90,15,1,2016-09-18,2025-06-04,0.85,4.52,4.6,4.46,4.72,4.76,4.96,4.42,t,f,2012-06-14,within an hour,0.99,0.99,t,t,139.0,139.0,134,0,0,IT027042C287GFE98E,"[""Microwave"", ""Heating"", ""Essentials"", ""Air conditioning"", ""Coffee maker"", ""Dishes and silverware"", ""Fire extinguisher"", ""Oven"", ""Host greets you"", ""Iron"", ""Bathtub"", ""Wifi"", ""Refrigerator"", ""Bed linens"", ""Hot water"", ""Crib"", ""Kitchen"", ""Hair dryer"", ""Carbon monoxide alarm"", ""Dishwasher"", ""Stove""]"
14457785,2634978,Isole,San Marco,45.43851,12.33622,Entire rental unit,Entire home/apt,6,2.0,2.0,4.0,2 baths,1,1125,1125,1125,338.0,16,34,58,313,39,10,1,2017-04-01,2025-06-01,0.39,4.67,4.79,4.79,4.69,4.72,4.95,4.64,t,f,2012-06-14,within an hour,0.99,0.99,t,t,139.0,139.0,134,0,0,IT027042C2LUUFDH92,"[""Heating"", ""Essentials"", ""Air conditioning"", ""Coffee maker"", ""Dishes and silverware"", ""Oven"", ""Host greets you"", ""Hot water kettle"", ""Washer"", ""Iron"", ""Wifi"", ""Refrigerator"", ""Bed linens"", ""Toaster"", ""Hot water"", ""Crib"", ""Kitchen"", ""Hair dryer"", ""Dishwasher"", ""Stove"", ""Freezer""]"
15186405,2634978,Isole,Castello,45.43885,12.33879,Entire rental unit,Entire home/apt,5,1.5,3.0,3.0,1.5 baths,1,1125,1125,1125,205.0,3,3,29,299,36,18,1,2016-10-11,2025-05-23,0.34,4.53,4.56,4.69,4.44,4.58,4.86,4.47,t,f,2012-06-14,within an hour,0.99,0.99,t,t,139.0,139.0,134,0,0,IT027042B4MVTDEJI2,"[""Microwave"", ""Heating"", ""Essentials"", ""Air conditioning"", ""Coffee maker"", ""Dishes and silverware"", ""Fire extinguisher"", ""Pets allowed"", ""Host greets you"", ""Hot water kettle"", ""Washer"", ""Iron"", ""Bathtub"", ""Wifi"", ""Refrigerator"", ""Bed linens"", ""Toaster"", ""Hot water"", ""Crib"", ""Kitchen"", ""Hair dryer"", ""Carbon monoxide alarm"", ""Dishwasher"", ""Stove"", ""Freezer""]"
15243635,2634978,Isole,Castello,45.43162,12.35392,Entire rental unit,Entire home/apt,4,2.0,2.0,2.0,2 baths,1,1125,1125,1125,221.0,17,47,62,291,4,1,0,2016-10-03,2024-10-23,0.04,4.5,4.5,4.5,3.75,4.75,4.75,4.25,t,f,2012-06-14,within an hour,0.99,0.99,t,t,139.0,139.0,134,0,0,IT027042C2BX3ONJGO,"[""Heating"", ""Essentials"", ""Air conditioning"", ""Coffee maker"", ""Dishes and silverware"", ""Oven"", ""Host greets you"", ""Hot water kettle"", ""Washer"", ""Iron"", ""Wifi"", ""Refrigerator"", ""Patio or balcony"", ""Hot water"", ""Crib"", ""Kitchen"", ""Smoke alarm"", ""Hair dryer"", ""TV"", ""Carbon monoxide alarm"", ""Stove"", ""Freezer""]"
16023990,2634978,Isole,Dorsoduro,45.43337,12.32258,Entire rental unit,Entire home/apt,6,2.0,2.0,4.0,2 baths,1,1125,1125,1125,186.0,5,19,36,311,27,5,1,2017-01-02,2025-05-26,0.26,4.78,4.93,4.89,4.44,4.56,4.81,4.52,t,f,2012-06-14,within an hour,0.99,0.99,t,t,139.0,139.0,134,0,0,IT027042B4ZFEBJLY6,"[""Heating"", ""Essentials"", ""Air conditioning"", ""Coffee maker"", ""Dishes and silverware"", ""Fire extinguisher"", ""Host greets you"", ""Hot water kettle"", ""Washer"", ""Iron"", ""Wifi"", ""Refrigerator"", ""Bed linens"", ""Toaster"", ""Hot water"", ""Crib"", ""Kitchen"", ""Hair dryer"", ""Carbon monoxide alarm"", ""Dishwasher"", ""Stove"", ""Freezer""]"
16279288,2634978,Isole,Cannaregio,45.441402,12.339741,Entire rental unit,Entire home/apt,3,1.0,1.0,2.0,1 bath,1,1125,1125,1125,255.0,0,27,48,304,2,0,0,2022-05-13,2022-08-13,0.05,4.5,4.5,4.5,5.0,5.0,4.5,4.0,t,f,2012-06-14,within an hour,0.99,0.99,t,t,139.0,139.0,134,0,0,IT027042C2VB39C2CP,"[""Heating"", ""Essentials"", ""Air conditioning"", ""Coffee maker"", ""Dishes and silverware"", ""Pets allowed"", ""Oven"", ""Host greets you"", ""Hot water kettle"", ""Washer"", ""Iron"", ""Bathtub"", ""Wifi"", ""Refrigerator"", ""Bed linens"", ""Toaster"", ""Hot water"", ""Crib"", ""Kitchen"", ""Hair dryer"", ""Dishwasher"", ""Stove"", ""Freezer""]"
20648623,2634978,Isole,San Marco,45.43496,12.33488,Entire rental unit,Entire home/apt,5,1.0,2.0,4.0,1 bath,1,1125,1125,1125,250.0,4,11,30,305,118,30,2,2017-10-14,2025-05-26,1.26,4.78,4.75,4.81,4.81,4.75,4.96,4.65,t,f,2012-06-14,within an hour,0.99,0.99,t,t,139.0,139.0,134,0,0,IT027042C2P642IK86,"[""Heating"", ""Essentials"", ""Air conditioning"", ""Coffee maker"", ""Dishes and silverware"", ""Fire extinguisher"", ""Pets allowed"", ""Oven"", ""Host greets you"", ""Hot water kettle"", ""Washer"", ""Iron"", ""Wifi"", ""Refrigerator"", ""Bed linens"", ""Toaster"", ""Hot water"", ""Crib"", ""Kitchen"", ""Hair dryer"", ""TV"", ""Carbon monoxide alarm"", ""Dishwasher"", ""Stove"", ""Freezer""]"
21512798,2634978,Isole,San Polo,45.437,12.32955,Entire rental unit,Entire home/apt,3,1.0,1.0,2.0,1 bath,1,1125,1125,1125,159.0,20,50,80,355,68,10,1,2018-11-18,2025-05-26,0.85,4.59,4.63,4.57,4.6,4.6,4.82,4.53,t,f,2012-06-14,within an hour,0.99,0.99,t,t,139.0,139.0,134,0,0,IT027042B46NGJLOMP,"[""Microwave"", ""Essentials"", ""Dishes and silverware"", ""Coffee maker: drip coffee maker"", ""Pets allowed"", ""Oven"", ""Host greets you"", ""Hot water kettle"", ""Wine glasses"", ""Washer"", ""Iron"", ""Wifi"", ""Refrigerator"", ""Bed linens"", ""Central heating"", ""Crib - available upon request"", ""Toaster"", ""Hot water"", ""Kitchen"", ""Hair dryer"", ""Dishwasher"", ""40 inch TV"", ""Stove"", ""Central air conditioning"", ""Freezer"", ""Bidet""]"
22665602,2634978,Isole,Santa Croce,45.43929,12.32984,Entire rental unit,Entire home/apt,4,1.0,2.0,3.0,1 bath,1,1125,1125,1125,171.0,22,52,75,350,10,5,0,2019-01-01,2025-05-06,0.13,4.7,5.0,4.9,5.0,4.8,5.0,4.5,t,f,2012-06-14,within an hour,0.99,0.99,t,t,139.0,139.0,134,0,0,IT027042C2HX4HSKKU,"[""Heating"", ""Essentials"", ""Air conditioning"", ""Coffee maker"", ""Dishes and silverware"", ""Fire extinguisher"", ""Oven"", ""Host greets you"", ""Hot water kettle"", ""Washer"", ""Iron"", ""Wifi"", ""Refrigerator"", ""Bed linens"", ""Toaster"", ""Hot water"", ""Crib"", ""Kitchen"", ""Hair dryer"", ""Carbon monoxide alarm"", ""Stove"", ""Freezer""]"
22760897,2634978,Isole,Castello,45.43493,12.34954,Entire rental unit,Entire home/apt,4,1.0,1.0,2.0,1 bath,1,1125,1125,1125,134.0,23,41,69,334,9,5,0,2022-07-21,2025-04-07,0.25,4.44,4.78,4.33,4.89,4.67,4.89,4.33,t,f,2012-06-14,within an hour,0.99,0.99,t,t,139.0,139.0,134,0,0,IT027042C2GGNN4FIM,"[""Microwave"", ""Heating"", ""Essentials"", ""Coffee maker"", ""Dishes and silverware"", ""Pets allowed"", ""Host greets you"", ""Hot water kettle"", ""Washer"", ""Iron"", ""Wifi"", ""Refrigerator"", ""Bed linens"", ""Toaster"", ""Hot water"", ""Crib"", ""Kitchen"", ""Hair dryer"", ""Stove"", ""Freezer""]"
22785587,2634978,Isole,Cannaregio,45.43941,12.33962,Entire rental unit,Entire home/apt,2,1.0,1.0,1.0,1 bath,1,1125,1125,1125,128.0,5,17,20,274,23,4,1,2018-10-15,2025-06-02,0.28,4.48,4.43,4.57,4.39,4.61,4.74,4.22,t,f,2012-06-14,within an hour,0.99,0.99,t,t,139.0,139.0,134,0,0,IT027042C2KA6UM45D,"[""Microwave"", ""Heating"", ""Essentials"", ""Air conditioning"", ""Coffee maker"", ""Dishes and silverware"", ""Fire extinguisher"", ""Host greets you"", ""Hot water kettle"", ""Washer"", ""Iron"", ""Wifi"", ""Refrigerator"", ""Bed linens"", ""Hot water"", ""Crib"", ""Kitchen"", ""Hair dryer"", ""Carbon monoxide alarm"", ""Dishwasher"", ""Stove"", ""Freezer""]"
23199170,2634978,Isole,San Polo,45.43763,12.33139,Entire rental unit,Entire home/apt,4,2.0,2.0,3.0,2 baths,1,1125,1125,1125,180.0,7,7,27,266,10,3,1,2018-05-28,2025-05-18,0.12,4.7,4.8,4.9,5.0,4.8,4.9,4.5,t,f,2012-06-14,within an hour,0.99,0.99,t,t,139.0,139.0,134,0,0,IT027042C2LLVXV28G,"[""Microwave"", ""Heating"", ""Essentials"", ""Air conditioning"", ""Coffee maker"", ""Dishes and silverware"", ""Oven"", ""Host greets you"", ""Washer"", ""Iron"", ""Wifi"", ""Refrigerator"", ""Bed linens"", ""Hot water"", ""Crib"", ""Kitchen"", ""Hair dryer"", ""Dishwasher"", ""Elevator"", ""Stove""]"
23286669,2634978,Isole,Cannaregio,45.44627,12.32296,Entire rental unit,Entire home/apt,4,1.0,1.0,2.0,1 bath,1,1125,1125,1125,160.0,20,50,74,349,14,7,0,2018-09-18,2025-04-29,0.17,4.29,4.57,4.86,4.57,4.64,4.79,4.14,t,f,2012-06-14,within an hour,0.99,0.99,t,t,139.0,139.0,134,0,0,IT027042C2D566Z7YN,"[""Microwave"", ""Heating"", ""Essentials"", ""Air conditioning"", ""Coffee maker"", ""Dishes and silverware"", ""Pets allowed"", ""Host greets you"", ""Hot water kettle"", ""Iron"", ""Wifi"", ""Refrigerator"", ""Bed linens"", ""Toaster"", ""Hot water"", ""Crib"", ""Kitchen"", ""Hair dryer"", ""Dishwasher"", ""Stove"", ""Freezer""]"
23955979,2634978,Isole,Dorsoduro,45.43113,12.33183,Entire rental unit,Entire home/apt,6,2.0,3.0,6.0,2 baths,1,1125,1125,1125,371.0,11,19,22,275,73,14,1,2018-09-10,2025-05-18,0.89,4.68,4.74,4.74,4.66,4.64,4.85,4.52,t,f,2012-06-14,within an hour,0.99,0.99,t,t,139.0,139.0,134,0,0,IT027042C2EO6QASAP,"[""Heating"", ""Essentials"", ""Air conditioning"", ""Coffee maker"", ""Dishes and silverware"", ""Oven"", ""Host greets you"", ""Hot water kettle"", ""Washer"", ""Iron"", ""Wifi"", ""Refrigerator"", ""Bed linens"", ""Patio or balcony"", ""Toaster"", ""Hot water"", ""Crib"", ""Kitchen"", ""Hair dryer"", ""Mosquito net"", ""Dishwasher"", ""Stove"", ""Freezer""]"
24026001,2634978,Isole,Cannaregio,45.44151,12.33263,Entire rental unit,Entire home/apt,5,1.0,2.0,4.0,1 bath,1,1125,1125,1125,170.0,15,28,56,318,56,5,1,2018-10-09,2025-05-31,0.69,4.32,4.54,4.34,4.8,4.71,4.82,4.3,t,f,2012-06-14,within an hour,0.99,0.99,t,t,139.0,139.0,134,0,0,IT027042C28IR7HKN9,"[""Microwave"", ""Heating"", ""Essentials"", ""Air conditioning"", ""Coffee maker"", ""Dishes and silverware"", ""Pets allowed"", ""Oven"", ""Host greets you"", ""Iron"", ""Bathtub"", ""Wifi"", ""Refrigerator"", ""Bed linens"", ""Hot water"", ""Crib"", ""Kitchen"", ""Hair dryer"", ""TV"", ""Dishwasher"", ""Stove""]"
24242990,2634978,Isole,Castello,45.43683,12.33794,Entire rental unit,Entire home/apt,16,5.0,7.0,13.0,5 baths,1,1125,1125,1125,1216.0,3,14,28,268,63,10,0,2018-10-06,2025-02-16,0.77,4.67,4.78,4.84,4.78,4.81,5.0,4.62,t,f,2012-06-14,within an hour,0.99,0.99,t,t,139.0,139.0,134,0,0,IT027042B4ZMSH9OAQ,"[""Microwave"", ""Heating"", ""Essentials"", ""Air conditioning"", ""Coffee maker"", ""Dishes and silverware"", ""Pets allowed"", ""Oven"", ""Host greets you"", ""Hot water kettle"", ""Washer"", ""Iron"", ""Wifi"", ""Refrigerator"", ""Bed linens"", ""Toaster"", ""Hot water"", ""Crib"", ""Kitchen"", ""Hair dryer"", ""Dishwasher"", ""Stove"", ""Dryer"", ""Freezer""]"
24706204,2634978,Isole,San Marco,45.43565,12.33853,Entire rental unit,Entire home/apt,5,1.5,2.0,3.0,1.5 baths,1,1125,1125,1125,296.0,14,31,47,318,98,12,1,2018-05-15,2025-05-31,1.13,4.58,4.74,4.73,4.62,4.65,4.9,4.62,t,f,2012-06-14,within an hour,0.99,0.99,t,t,139.0,139.0,134,0,0,IT027042B4LFGXTH3I,"[""Heating"", ""Essentials"", ""Air conditioning"", ""Coffee maker"", ""Dishes and silverware"", ""Pets allowed"", ""Oven"", ""Host greets you"", ""Hot water kettle"", ""Washer"", ""Iron"", ""Wifi"", ""Refrigerator"", ""Bed linens"", ""Toaster"", ""Hot water"", ""Crib"", ""Kitchen"", ""Hair dryer"", ""Dishwasher"", ""Stove"", ""Freezer""]"
29559420,2634978,Isole,Cannaregio,45.43883,12.34006,Entire rental unit,Entire home/apt,3,1.0,2.0,3.0,1 bath,1,1125,1125,1125,182.0,17,44,63,324,32,14,1,2020-07-31,2025-06-02,0.54,4.5,4.69,4.63,4.88,4.75,5.0,4.41,t,f,2012-06-14,within an hour,0.99,0.99,t,t,139.0,139.0,134,0,0,IT027042C2SIEMNQ58,"[""Microwave"", ""Heating"", ""Essentials"", ""Air conditioning"", ""Coffee maker"", ""Dishes and silverware"", ""Pets allowed"", ""Oven"", ""Host greets you"", ""Iron"", ""Wifi"", ""Refrigerator"", ""Bed linens"", ""Patio or balcony"", ""Hot water"", ""Crib"", ""Kitchen"", ""Hair dryer"", ""Stove""]"
31395801,2634978,Isole,Castello,45.43382,12.34263,Entire rental unit,Entire home/apt,12,1.0,4.0,1.0,2 baths,1,1125,1125,1125,228.50778129734195,6,6,21,261,30,12,1,2019-06-17,2025-06-03,0.41,4.3,4.4,4.47,4.8,4.6,4.97,4.33,t,f,2012-06-14,within an hour,0.99,0.99,t,t,139.0,139.0,134,0,0,IT027042C2AHMJVB6M,"[""Heating"", ""Essentials"", ""Air conditioning"", ""Coffee maker"", ""Dishes and silverware"", ""Pets allowed"", ""Oven"", ""Host greets you"", ""Hot water kettle"", ""Washer"", ""Iron"", ""Wifi"", ""Refrigerator"", ""Bed linens"", ""Patio or balcony"", ""Toaster"", ""Hot water"", ""Crib"", ""Kitchen"", ""Hair dryer"", ""Dishwasher"", ""Stove"", ""Freezer""]"
32029319,2634978,Isole,Cannaregio,45.44354,12.33273,Entire rental unit,Entire home/apt,4,2.0,2.0,3.0,2 baths,1,1125,1125,1125,182.0,11,18,37,309,39,10,1,2019-05-10,2025-05-26,0.52,4.79,4.82,4.87,4.69,4.82,4.95,4.64,t,f,2012-06-14,within an hour,0.99,0.99,t,t,139.0,139.0,134,0,0,IT027042C2YY5YDJNP,"[""Heating"", ""Essentials"", ""Air conditioning"", ""Coffee maker"", ""Dishes and silverware"", ""Oven"", ""Host greets you"", ""Hot water kettle"", ""Washer"", ""Iron"", ""Wifi"", ""Refrigerator"", ""Bed linens"", ""Toaster"", ""Hot water"", ""Crib"", ""Kitchen"", ""Hair dryer"", ""Dishwasher"", ""Stove"", ""Freezer""]"
32062453,2634978,Isole,San Marco,45.43646,12.33818,Entire rental unit,Entire home/apt,4,1.0,2.0,2.0,1 bath,1,1125,1125,1125,172.0,16,25,55,324,31,0,0,2019-03-25,2024-06-09,0.41,4.32,4.32,4.35,4.58,4.58,4.81,4.19,t,f,2012-06-14,within an hour,0.99,0.99,t,t,139.0,139.0,134,0,0,IT027042C2YJXUKYPT,"[""Microwave"", ""Heating"", ""Essentials"", ""Air conditioning"", ""Coffee maker"", ""Dishes and silverware"", ""Pets allowed"", ""Host greets you"", ""Hot water kettle"", ""Iron"", ""Wifi"", ""Refrigerator"", ""Bed linens"", ""Patio or balcony"", ""Toaster"", ""Hot water"", ""Crib"", ""Kitchen"", ""Hair dryer"", ""TV"", ""Stove"", ""Freezer""]"
32414524,2634978,Isole,Cannaregio,45.44028,12.33648,Entire rental unit,Entire home/apt,3,1.0,1.0,2.0,1 bath,1,1125,1125,1125,146.0,8,20,23,291,97,11,0,2019-05-04,2025-05-14,1.3,4.63,4.73,4.62,4.76,4.71,4.97,4.46,t,f,2012-06-14,within an hour,0.99,0.99,t,t,139.0,139.0,134,0,0,IT027042B44PGTEVFZ,"[""Heating"", ""Essentials"", ""Air conditioning"", ""Coffee maker"", ""Dishes and silverware"", ""Fire extinguisher"", ""Pets allowed"", ""Oven"", ""Host greets you"", ""Washer"", ""Iron"", ""Wifi"", ""Refrigerator"", ""Hot water"", ""Crib"", ""Kitchen"", ""Hair dryer"", ""Carbon monoxide alarm"", ""Dishwasher"", ""Stove""]"
32416576,2634978,Isole,Santa Croce,45.43913,12.32645,Entire rental unit,Entire home/apt,4,2.0,2.0,3.0,2 baths,1,1125,1125,1125,284.0,27,51,70,168,43,3,0,2019-04-16,2025-04-14,0.57,4.58,4.6,4.72,4.7,4.65,4.98,4.63,t,f,2012-06-14,within an hour,0.99,0.99,t,t,139.0,139.0,134,0,0,IT027042C2R5AXOIQF,"[""Microwave"", ""Heating"", ""Essentials"", ""Air conditioning"", ""Coffee maker"", ""Dishes and silverware"", ""Pets allowed"", ""Oven"", ""Host greets you"", ""Washer"", ""Iron"", ""Bathtub"", ""Wifi"", ""Refrigerator"", ""Bed linens"", ""Hot water"", ""Crib"", ""Kitchen"", ""Hair dryer"", ""Dishwasher"", ""Stove"", ""Freezer""]"
32417030,2634978,Isole,San Polo,45.43876,12.33174,Entire rental unit,Entire home/apt,6,2.0,3.0,5.0,2 baths,1,1125,1125,1125,321.0,27,48,67,164,32,6,1,2019-05-12,2025-05-18,0.43,4.5,4.47,4.75,4.53,4.63,4.75,4.44,t,f,2012-06-14,within an hour,0.99,0.99,t,t,139.0,139.0,134,0,0,IT027042B4BMJH7L2U,"[""Microwave"", ""Heating"", ""Essentials"", ""Air conditioning"", ""Coffee maker"", ""Dishes and silverware"", ""Fire extinguisher"", ""Oven"", ""Host greets you"", ""Washer"", ""Iron"", ""Bathtub"", ""Wifi"", ""Refrigerator"", ""Bed linens"", ""Hot water"", ""Crib"", ""Kitchen"", ""Hair dryer"", ""Carbon monoxide alarm"", ""Dishwasher"", ""Stove""]"
33265474,2634978,Isole,San Polo,45.43836,12.32824,Entire rental unit,Entire home/apt,4,1.0,1.0,2.0,1 bath,1,1125,1125,1125,238.0,9,29,57,324,100,34,2,2019-05-09,2025-06-02,1.34,4.73,4.85,4.85,4.87,4.85,4.93,4.64,t,f,2012-06-14,within an hour,0.99,0.99,t,t,139.0,139.0,134,0,0,IT027042C2625YL2IJ,"[""Microwave"", ""Heating"", ""Essentials"", ""Air conditioning"", ""Coffee maker"", ""Dishes and silverware"", ""Dining table"", ""Oven"", ""Host greets you"", ""Hot water kettle"", ""Washer"", ""Iron"", ""Wifi"", ""Refrigerator"", ""Bed linens"", ""Hot water"", ""Crib"", ""Kitchen"", ""Hair dryer"", ""Dishwasher"", ""Stove""]"
34030406,2634978,Isole,San Polo,45.43894,12.32955,Entire rental unit,Entire home/apt,4,1.0,1.0,2.0,1 bath,1,1125,1125,1125,269.0,0,0,0,168,36,10,0,2019-05-17,2024-11-02,0.49,4.69,4.78,4.89,4.89,4.58,4.86,4.53,t,f,2012-06-14,within an hour,0.99,0.99,t,t,139.0,139.0,134,0,0,IT027042B4ED57KYE4,"[""Microwave"", ""Heating"", ""Essentials"", ""Air conditioning"", ""Coffee maker"", ""Dishes and silverware"", ""Pets allowed"", ""Oven"", ""Host greets you"", ""Hot water kettle"", ""Washer"", ""Iron"", ""Wifi"", ""Refrigerator"", ""Bed linens"", ""Toaster"", ""Hot water"", ""Crib"", ""Kitchen"", ""Hair dryer"", ""TV"", ""Dishwasher"", ""Stove"", ""Freezer""]"
34800312,2634978,Isole,Santa Croce,45.43931,12.3273,Entire rental unit,Entire home/apt,6,1.0,2.0,4.0,1 bath,1,1125,1125,1125,300.0,0,0,0,166,53,6,0,2019-06-09,2024-11-09,0.72,4.66,4.72,4.72,4.77,4.72,4.85,4.58,t,f,2012-06-14,within an hour,0.99,0.99,t,t,139.0,139.0,134,0,0,IT027042B4DFNJ6HLX,"[""Microwave"", ""Heating"", ""Essentials"", ""Air conditioning"", ""Coffee maker"", ""Dishes and silverware"", ""Pets allowed"", ""Oven"", ""Host greets you"", ""Hot water kettle"", ""Washer"", ""Iron"", ""Wifi"", ""Refrigerator"", ""Bed linens"", ""Toaster"", ""Hot water"", ""Crib"", ""Kitchen"", ""Hair dryer"", ""Dishwasher"", ""Stove"", ""Freezer""]"
34885131,2634978,Isole,San Polo,45.43797,12.32756,Entire rental unit,Entire home/apt,10,2.0,3.0,6.0,2 baths,1,1125,1125,1125,699.0,0,0,0,168,25,3,0,2019-10-28,2024-08-12,0.36,4.64,4.8,4.64,4.8,4.88,4.84,4.52,t,f,2012-06-14,within an hour,0.99,0.99,t,t,139.0,139.0,134,0,0,IT027042B4ED57KYE4,"[""Microwave"", ""Heating"", ""Essentials"", ""Air conditioning"", ""Coffee maker"", ""Dishes and silverware"", ""Pets allowed"", ""Oven"", ""Host greets you"", ""Hot water kettle"", ""Washer"", ""Iron"", ""Wifi"", ""Refrigerator"", ""Bed linens"", ""Toaster"", ""Hot water"", ""Crib"", ""Kitchen"", ""Hair dryer"", ""Dishwasher"", ""Stove"", ""Freezer""]"
35147278,2634978,Isole,Cannaregio,45.44198,12.32475,Entire rental unit,Entire home/apt,6,1.0,2.0,4.0,1 bath,1,1125,1125,1125,315.0,6,16,30,292,38,14,1,2019-09-15,2025-05-28,0.54,4.82,4.84,4.84,4.95,4.89,4.84,4.76,t,f,2012-06-14,within an hour,0.99,0.99,t,t,139.0,139.0,134,0,0,IT027042B4KJXF6QCA,"[""Microwave"", ""Heating"", ""Essentials"", ""Air conditioning"", ""Coffee maker"", ""Dishes and silverware"", ""Fire extinguisher"", ""Pets allowed"", ""Oven"", ""Host greets you"", ""Hot water kettle"", ""Washer"", ""Iron"", ""Wifi"", ""Refrigerator"", ""Bed linens"", ""Toaster"", ""Hot water"", ""Crib"", ""Kitchen"", ""Hair dryer"", ""Carbon monoxide alarm"", ""Dishwasher"", ""Stove"", ""Freezer""]"
35436425,2634978,Isole,Santa Croce,45.44158,12.32675,Entire rental unit,Entire home/apt,6,1.0,2.0,3.0,1 bath,1,1125,1125,1125,250.0,7,13,27,287,22,6,0,2019-07-22,2025-04-24,0.31,4.73,4.77,5.0,5.0,4.64,4.73,4.59,t,f,2012-06-14,within an hour,0.99,0.99,t,t,139.0,139.0,134,0,0,IT027042B4MFRRZ2JT,"[""Microwave"", ""Heating"", ""Essentials"", ""Air conditioning"", ""Coffee maker"", ""Dishes and silverware"", ""Pets allowed"", ""Oven"", ""Host greets you"", ""Washer"", ""Iron"", ""Wifi"", ""Refrigerator"", ""Hot water"", ""Crib"", ""Kitchen"", ""Hair dryer"", ""Dishwasher"", ""Stove""]"
35439243,2634978,Isole,Santa Croce,45.4401,12.32618,Entire rental unit,Entire home/apt,6,1.0,2.0,4.0,1 bath,1,1125,1125,1125,287.0,7,10,14,268,92,20,0,2019-07-01,2025-05-17,1.27,4.82,4.86,4.78,4.9,4.78,4.85,4.72,t,f,2012-06-14,within an hour,0.99,0.99,t,t,139.0,139.0,134,0,0,IT027042B4AIOF7SK6,"[""Microwave"", ""Heating"", ""Essentials"", ""Air conditioning"", ""Coffee maker"", ""Dishes and silverware"", ""Fire extinguisher"", ""Oven"", ""Host greets you"", ""Hot water kettle"", ""Washer"", ""Iron"", ""Wifi"", ""Refrigerator"", ""Bed linens"", ""Toaster"", ""Hot water"", ""Crib"", ""Kitchen"", ""Hair dryer"", ""Carbon monoxide alarm"", ""Dishwasher"", ""Stove"", ""Freezer""]"
35439882,2634978,Isole,Santa Croce,45.4417,12.327,Entire rental unit,Entire home/apt,16,3.0,6.0,10.0,3 baths,1,1125,1125,1125,1031.0,2,2,6,260,59,8,1,2019-08-07,2025-05-24,0.83,4.9,4.9,4.85,4.88,4.85,4.86,4.71,t,f,2012-06-14,within an hour,0.99,0.99,t,t,139.0,139.0,134,0,0,IT027042B4KJXF6QCA,"[""Microwave"", ""Heating"", ""Essentials"", ""Air conditioning"", ""Coffee maker"", ""Dishes and silverware"", ""Pets allowed"", ""Oven"", ""Host greets you"", ""Hot water kettle"", ""Washer"", ""Iron"", ""Wifi"", ""Refrigerator"", ""Bed linens"", ""Toaster"", ""Hot water"", ""Crib"", ""Kitchen"", ""Hair dryer"", ""Dishwasher"", ""Stove"", ""Freezer""]"
35480863,2634978,Isole,Santa Croce,45.44003,12.32575,Entire rental unit,Entire home/apt,4,1.0,1.0,2.0,1 bath,1,1125,1125,1125,241.0,8,16,43,312,36,17,0,2019-09-06,2025-05-03,0.51,4.69,4.83,4.72,4.83,4.47,4.67,4.22,t,f,2012-06-14,within an hour,0.99,0.99,t,t,139.0,139.0,134,0,0,IT027042B4QFOQWJJ5,"[""Microwave"", ""Heating"", ""Essentials"", ""Air conditioning"", ""Coffee maker"", ""Dishes and silverware"", ""Pets allowed"", ""Oven"", ""Host greets you"", ""Hot water kettle"", ""Washer"", ""Iron"", ""Wifi"", ""Refrigerator"", ""Bed linens"", ""Toaster"", ""Hot water"", ""Crib"", ""Kitchen"", ""Hair dryer"", ""Dishwasher"", ""Elevator"", ""Stove"", ""Freezer""]"
36299056,2634978,Isole,Santa Croce,45.44127,12.32383,Entire rental unit,Entire home/apt,6,1.0,2.0,4.0,1 bath,1,1125,1125,1125,319.0,5,10,16,281,50,15,0,2019-09-05,2025-04-25,0.71,4.86,4.84,4.88,4.84,4.8,4.86,4.6,t,f,2012-06-14,within an hour,0.99,0.99,t,t,139.0,139.0,134,0,0,IT027042B4BJ6EIUNX,"[""Microwave"", ""Heating"", ""Essentials"", ""Air conditioning"", ""Coffee maker"", ""Dishes and silverware"", ""Fire extinguisher"", ""Pets allowed"", ""Oven"", ""Host greets you"", ""Hot water kettle"", ""Washer"", ""Iron"", ""Wifi"", ""Refrigerator"", ""Bed linens"", ""Toaster"", ""Hot water"", ""Crib"", ""Kitchen"", ""Hair dryer"", ""Carbon monoxide alarm"", ""Dishwasher"", ""Stove"", ""Freezer""]"
36371672,2634978,Isole,Santa Croce,45.44019,12.32593,Entire rental unit,Entire home/apt,6,1.0,2.0,4.0,1 bath,1,1125,1125,1125,312.0,5,13,36,301,20,6,3,2019-09-01,2025-06-02,0.28,4.55,4.7,4.85,4.9,4.6,4.8,4.45,t,f,2012-06-14,within an hour,0.99,0.99,t,t,139.0,139.0,134,0,0,IT027042B48ONZKSP3,"[""Microwave"", ""Heating"", ""Essentials"", ""Air conditioning"", ""Coffee maker"", ""Dishes and silverware"", ""Pets allowed"", ""Oven"", ""Host greets you"", ""Hot water kettle"", ""Washer"", ""Iron"", ""Wifi"", ""Refrigerator"", ""Bed linens"", ""Toaster"", ""Hot water"", ""Crib"", ""Kitchen"", ""Hair dryer"", ""Dishwasher"", ""Stove"", ""Freezer""]"
36372355,2634978,Isole,Santa Croce,45.44103,12.32396,Entire rental unit,Entire home/apt,12,1.0,4.0,1.0,2 baths,1,1125,1125,1125,228.50778129734195,2,5,11,276,65,14,0,2019-09-10,2025-04-17,0.93,4.83,4.92,4.94,4.91,4.85,4.89,4.77,t,f,2012-06-14,within an hour,0.99,0.99,t,t,139.0,139.0,134,0,0,IT027042B4BJ6EIUNX,"[""Microwave"", ""Heating"", ""Essentials"", ""Air conditioning"", ""Coffee maker"", ""Dishes and silverware"", ""Pets allowed"", ""Oven"", ""Host greets you"", ""Washer"", ""Iron"", ""Wifi"", ""Refrigerator"", ""Hot water"", ""Crib"", ""Kitchen"", ""Hair dryer"", ""Dishwasher"", ""Stove""]"
37613867,2634978,Isole,Cannaregio,45.44004,12.33621,Entire rental unit,Entire home/apt,6,1.5,2.0,3.0,1.5 baths,1,1125,1125,1125,241.0,3,16,43,314,35,16,0,2020-01-23,2025-05-10,0.53,4.63,4.71,4.77,4.83,4.63,4.86,4.63,t,f,2012-06-14,within an hour,0.99,0.99,t,t,139.0,139.0,134,0,0,IT027042B4QNVYIJ2M,"[""Microwave"", ""Heating"", ""Essentials"", ""Air conditioning"", ""Coffee maker"", ""Dishes and silverware"", ""Oven"", ""Host greets you"", ""Hot water kettle"", ""Washer"", ""Iron"", ""Wifi"", ""Refrigerator"", ""Bed linens"", ""Crib - available upon request"", ""Toaster"", ""Hot water"", ""Kitchen"", ""Hair dryer"", ""Stove"", ""Freezer""]"
37620004,2634978,Isole,Cannaregio,45.44449,12.33309,Entire rental unit,Entire home/apt,8,3.0,3.0,4.0,3 baths,1,1125,1125,1125,800.0,7,23,45,297,63,24,2,2019-12-27,2025-05-25,0.94,4.92,4.95,4.94,4.97,4.95,4.92,4.81,t,f,2012-06-14,within an hour,0.99,0.99,t,t,139.0,139.0,134,0,0,IT027042B4BNMG4KEG,"[""Microwave"", ""Heating"", ""Essentials"", ""Air conditioning"", ""Coffee maker"", ""Dishes and silverware"", ""Oven"", ""Host greets you"", ""Hot water kettle"", ""Washer"", ""Iron"", ""Wifi"", ""Refrigerator"", ""Bed linens"", ""Private patio or balcony"", ""Hot water"", ""Crib"", ""Kitchen"", ""Hair dryer"", ""Dishwasher"", ""Stove"", ""Dryer"", ""Freezer""]"
39287285,2634978,Isole,San Marco,45.43538,12.33994,Entire rental unit,Entire home/apt,5,1.0,2.0,3.0,1 bath,1,1125,1125,1125,221.0,5,6,10,258,29,15,0,2019-12-29,2025-03-03,0.44,4.45,4.52,4.55,4.55,4.76,4.93,4.31,t,f,2012-06-14,within an hour,0.99,0.99,t,t,139.0,139.0,134,0,0,IT027042B4UBXRROF3,"[""Microwave"", ""Heating"", ""Essentials"", ""Air conditioning"", ""Coffee maker"", ""Dishes and silverware"", ""Pets allowed"", ""Host greets you"", ""Hot water kettle"", ""Iron"", ""Wifi"", ""Refrigerator"", ""Toaster"", ""Hot water"", ""Crib"", ""Kitchen"", ""Hair dryer"", ""Stove"", ""Freezer""]"
39381291,2634978,Isole,Cannaregio,45.44179,12.34036,Entire rental unit,Entire home/apt,4,1.0,1.0,2.0,1 bath,1,1125,1125,1125,133.0,22,47,66,328,14,7,0,2022-08-31,2025-04-06,0.41,4.14,4.07,4.5,4.79,4.36,4.71,4.0,t,f,2012-06-14,within an hour,0.99,0.99,t,t,139.0,139.0,134,0,0,IT027042C2DHCT5ULG,"[""Microwave"", ""Heating"", ""Essentials"", ""Air conditioning"", ""Coffee maker"", ""Dishes and silverware"", ""Fire extinguisher"", ""Pets allowed"", ""Host greets you"", ""Washer"", ""Iron"", ""Wifi"", ""Refrigerator"", ""Bed linens"", ""Hot water"", ""Crib"", ""Kitchen"", ""Hair dryer"", ""Carbon monoxide alarm"", ""Dishwasher"", ""Elevator"", ""Stove"", ""Dryer"", ""Freezer""]"
40575038,2634978,Isole,San Marco,45.43152,12.33231,Entire rental unit,Entire home/apt,6,2.0,2.0,4.0,2 baths,1,1125,1125,1125,175.0,7,29,51,326,13,7,0,2022-04-23,2025-05-04,0.34,4.46,4.77,4.15,4.38,4.69,4.92,4.23,t,f,2012-06-14,within an hour,0.99,0.99,t,t,139.0,139.0,134,0,0,IT027042C29NCQHWB8,"[""Heating"", ""Essentials"", ""Air conditioning"", ""Coffee maker"", ""Dishes and silverware"", ""Pets allowed"", ""Oven"", ""Host greets you"", ""Hot water kettle"", ""Washer"", ""Iron"", ""Bathtub"", ""Wifi"", ""Refrigerator"", ""Bed linens"", ""Private patio or balcony"", ""Toaster"", ""Hot water"", ""Crib"", ""Kitchen"", ""Hair dryer"", ""TV"", ""Dishwasher"", ""Stove"", ""Freezer""]"
41016437,2634978,Isole,San Polo,45.43592,12.32942,Entire rental unit,Entire home/apt,4,1.0,1.0,2.0,1 bath,1,1125,1125,1125,177.0,16,40,67,297,38,9,1,2020-02-23,2025-05-25,0.59,4.53,4.82,4.55,4.55,4.68,4.95,4.42,t,f,2012-06-14,within an hour,0.99,0.99,t,t,139.0,139.0,134,0,0,IT027042B4HKPBYDMJ,"[""Microwave"", ""Heating"", ""Essentials"", ""Air conditioning"", ""Coffee maker"", ""Dishes and silverware"", ""Pets allowed"", ""Host greets you"", ""Washer"", ""Iron"", ""Wifi"", ""Refrigerator"", ""Bed linens"", ""Hot water"", ""Crib"", ""Kitchen"", ""Hair dryer"", ""TV"", ""Dishwasher"", ""Elevator"", ""Stove""]"
41186648,321429178,Isole,San Marco,45.43269,12.3366,Entire rental unit,Entire home/apt,3,1.0,1.0,2.0,1 bath,999,1125,99,99,135.0,17,45,61,208,43,6,1,2020-08-09,2025-06-08,0.73,4.19,4.3,4.47,4.3,4.35,4.91,4.07,t,f,2019-12-27,within an hour,0.88,1.0,t,t,1.0,3.0,1,0,0,it027042c2belzrp7g,"[""Self check-in"", ""Microwave"", ""Heating"", ""Essentials"", ""Dining table"", ""40 inch HDTV"", ""Dishes and silverware"", ""Luggage dropoff allowed"", ""Cooking basics"", ""Electric stove"", ""Dedicated workspace"", ""Wifi"", ""Ethernet connection"", ""Keypad"", ""Body soap"", ""Refrigerator"", ""Cleaning available during stay"", ""Private patio or balcony"", ""Single level home"", ""Toaster"", ""Laundromat nearby"", ""Hot water"", ""Kitchen"", ""Hair dryer"", ""Exterior security cameras on property"", ""Shampoo"", ""Long term stays allowed"", ""Carbon monoxide alarm"", ""Coffee maker: french press"", ""Bidet""]"
44453590,2634978,Isole,Cannaregio,45.44149,12.33689,Entire rental unit,Entire home/apt,4,2.0,2.0,2.0,2 baths,1,1125,1125,1125,153.0,8,27,38,271,15,6,0,2021-08-09,2025-05-13,0.32,3.93,4.47,4.53,4.47,4.27,4.93,4.0,t,f,2012-06-14,within an hour,0.99,0.99,t,t,139.0,139.0,134,0,0,IT027042B4QLMHZGLT,"[""Microwave"", ""Heating"", ""Essentials"", ""Coffee maker"", ""Dishes and silverware"", ""Pets allowed"", ""Host greets you"", ""Washer"", ""Iron"", ""Wifi"", ""Refrigerator"", ""Bed linens"", ""Hot water"", ""Crib"", ""Kitchen"", ""Hair dryer"", ""TV"", ""Dishwasher"", ""Stove""]"
44671211,2634978,Isole,Cannaregio,45.44307,12.33357,Entire rental unit,Entire home/apt,8,3.0,3.0,4.0,3 baths,1,1125,1125,1125,803.0,5,24,45,296,46,10,3,2021-10-31,2025-05-26,1.04,4.74,4.85,4.7,4.78,4.65,4.93,4.63,t,f,2012-06-14,within an hour,0.99,0.99,t,t,139.0,139.0,134,0,0,IT027042B4MLRGS59J,"[""Microwave"", ""Heating"", ""Air conditioning"", ""Coffee maker"", ""Dishes and silverware"", ""Oven"", ""Host greets you"", ""Washer"", ""Iron"", ""Wifi"", ""Refrigerator"", ""Hot water"", ""Crib"", ""Kitchen"", ""Hair dryer"", ""TV"", ""Dishwasher"", ""Stove"", ""Freezer""]"
45132577,2634978,Isole,Santa Croce,45.44162,12.33047,Entire rental unit,Entire home/apt,3,1.0,1.0,2.0,1 bath,1,1125,1125,1125,141.0,27,57,87,362,79,18,0,2021-11-21,2025-05-04,1.82,4.63,4.67,4.84,4.61,4.73,4.73,4.48,t,f,2012-06-14,within an hour,0.99,0.99,t,t,139.0,139.0,134,0,0,IT027042C2G9UTGKUL,"[""Microwave"", ""Heating"", ""Essentials"", ""Air conditioning"", ""Coffee maker"", ""Dishes and silverware"", ""Pets allowed"", ""Host greets you"", ""Hot water kettle"", ""Washer"", ""Iron"", ""Wifi"", ""Refrigerator"", ""Hot water"", ""Crib"", ""Kitchen"", ""Hair dryer"", ""Dishwasher"", ""Stove"", ""Freezer""]"
45167898,2634978,Isole,San Marco,45.43509,12.33961,Entire rental unit,Entire home/apt,5,1.0,2.0,1.0,1 bath,1,1125,1125,1125,228.50778129734195,6,8,19,268,58,13,0,2021-08-20,2025-04-03,1.24,4.4,4.4,4.64,4.02,4.5,4.93,4.37,t,f,2012-06-14,within an hour,0.99,0.99,t,t,139.0,139.0,134,0,0,IT027042B4ZMRALLXM,"[""Heating"", ""Essentials"", ""Air conditioning"", ""Coffee maker"", ""Dishes and silverware"", ""Pets allowed"", ""Host greets you"", ""Cooking basics"", ""Hot water kettle"", ""Washer"", ""Iron"", ""Wifi"", ""Refrigerator"", ""Toaster"", ""Hot water"", ""Crib"", ""Kitchen"", ""Hair dryer"", ""Dishwasher"", ""Stove"", ""Freezer""]"
46132762,2634978,Isole,San Marco,45.43482,12.3386,Entire rental unit,Entire home/apt,10,2.0,4.0,7.0,2 baths,1,1125,1125,1125,528.0,3,4,6,248,84,15,0,2021-05-30,2025-04-15,1.7,4.63,4.6,4.75,4.33,4.68,4.9,4.68,t,f,2012-06-14,within an hour,0.99,0.99,t,t,139.0,139.0,134,0,0,IT027042B4UBXRROF3,"[""Heating"", ""Essentials"", ""Air conditioning"", ""Coffee maker"", ""Dishes and silverware"", ""Pets allowed"", ""Host greets you"", ""Hot water kettle"", ""Washer"", ""Iron"", ""Wifi"", ""Refrigerator"", ""Bed linens"", ""Toaster"", ""Hot water"", ""Crib"", ""Kitchen"", ""Hair dryer"", ""Dishwasher"", ""Stove"", ""Freezer""]"
50533085,2634978,Isole,Cannaregio,45.44402,12.33387,Entire rental unit,Entire home/apt,3,1.0,2.0,2.0,1 bath,1,1125,1125,1125,243.0,11,34,58,324,44,17,1,2021-08-23,2025-05-18,0.95,4.7,4.75,4.66,4.5,4.59,4.8,4.57,t,f,2012-06-14,within an hour,0.99,0.99,t,t,139.0,139.0,134,0,0,IT027042B4V8HJ9I6L,"[""Microwave"", ""Heating"", ""Essentials"", ""Air conditioning"", ""Coffee maker"", ""Dishes and silverware"", ""Pets allowed"", ""Oven"", ""Host greets you"", ""Iron"", ""Wifi"", ""Refrigerator"", ""Bed linens"", ""Hot water"", ""Crib"", ""Kitchen"", ""Hair dryer"", ""TV"", ""Dishwasher"", ""Stove"", ""Freezer""]"
50584607,2634978,Isole,Cannaregio,45.44245,12.33572,Entire rental unit,Entire home/apt,11,5.0,4.0,6.0,5 baths,1,1125,1125,1125,1088.0,5,22,43,294,58,4,0,2021-07-03,2024-12-23,1.2,4.83,4.78,4.88,4.78,4.84,4.84,4.66,t,f,2012-06-14,within an hour,0.99,0.99,t,t,139.0,139.0,134,0,0,IT027042B4MLRGS59J,"[""Microwave"", ""Heating"", ""Essentials"", ""Air conditioning"", ""Coffee maker"", ""Dishes and silverware"", ""Oven"", ""Host greets you"", ""Hot water kettle"", ""Washer"", ""Iron"", ""Wifi"", ""Refrigerator"", ""Bed linens"", ""Toaster"", ""Hot water"", ""Crib"", ""Kitchen"", ""Hair dryer"", ""TV"", ""Dishwasher"", ""Stove"", ""Dryer"", ""Freezer""]"
50736716,2634978,Isole,Santa Croce,45.4408,12.32672,Entire rental unit,Entire home/apt,7,2.0,3.0,4.0,2 baths,1,1125,1125,1125,408.0,0,5,9,261,56,20,0,2021-10-23,2025-05-09,1.26,4.84,4.88,4.86,4.91,4.82,4.8,4.73,t,f,2012-06-14,within an hour,0.99,0.99,t,t,139.0,139.0,134,0,0,IT027042B4OTB4DS4R,"[""Microwave"", ""Heating"", ""Essentials"", ""Air conditioning"", ""Coffee maker"", ""Dishes and silverware"", ""Pets allowed"", ""Oven"", ""Host greets you"", ""Hot water kettle"", ""Washer"", ""Iron"", ""Wifi"", ""Refrigerator"", ""Bed linens"", ""Hot water"", ""Crib"", ""Kitchen"", ""Hair dryer"", ""Dishwasher"", ""Elevator"", ""Stove"", ""Freezer""]"
50983344,2634978,Isole,Santa Croce,45.44073,12.32679,Entire rental unit,Entire home/apt,5,1.0,2.0,3.0,1 bath,1,1125,1125,1125,249.0,4,11,36,297,52,21,0,2022-04-11,2025-04-04,1.34,4.65,4.69,4.77,4.87,4.6,4.77,4.58,t,f,2012-06-14,within an hour,0.99,0.99,t,t,139.0,139.0,134,0,0,IT027042B4CHPKI2AG,"[""Microwave"", ""Heating"", ""Essentials"", ""Air conditioning"", ""Coffee maker"", ""Dishes and silverware"", ""Pets allowed"", ""Oven"", ""Host greets you"", ""Hot water kettle"", ""Washer"", ""Iron"", ""Wifi"", ""Refrigerator"", ""Bed linens"", ""Hot water"", ""Crib"", ""Kitchen"", ""Hair dryer"", ""Dishwasher"", ""Elevator"", ""Stove"", ""Freezer""]"
51007138,2634978,Isole,Santa Croce,45.44171,12.32687,Entire rental unit,Entire home/apt,12,3.0,5.0,7.0,3 baths,1,1125,1125,1125,781.0,0,2,6,258,60,11,1,2021-09-05,2025-06-03,1.3,4.78,4.88,4.82,4.95,4.83,4.78,4.77,t,f,2012-06-14,within an hour,0.99,0.99,t,t,139.0,139.0,134,0,0,IT027042B4CHPKI2AG,"[""Microwave"", ""Essentials"", ""Coffee maker"", ""Dishes and silverware"", ""Pets allowed"", ""Clothing storage: closet"", ""Oven"", ""Host greets you"", ""Hot water kettle"", ""Washer"", ""Iron"", ""Wifi"", ""Refrigerator"", ""Bed linens"", ""Central heating"", ""Crib - available upon request"", ""Toaster"", ""Hot water"", ""Kitchen"", ""Hair dryer"", ""Dishwasher"", ""Elevator"", ""Stove"", ""Central air conditioning"", ""Freezer"", ""Bidet""]"
51028647,2634978,Isole,Santa Croce,45.44231,12.32711,Entire rental unit,Entire home/apt,7,2.0,3.0,4.0,2 baths,1,1125,1125,1125,443.0,4,11,18,255,91,27,3,2021-09-05,2025-05-29,1.98,4.9,4.96,4.87,4.8,4.81,4.88,4.82,t,f,2012-06-14,within an hour,0.99,0.99,t,t,139.0,139.0,134,0,0,IT027042B4JAMAVCKP,"[""Heating"", ""Essentials"", ""Air conditioning"", ""Coffee maker"", ""Dishes and silverware"", ""Pets allowed"", ""Oven"", ""Host greets you"", ""Hot water kettle"", ""Washer"", ""Iron"", ""Wifi"", ""Refrigerator"", ""Bed linens"", ""Hot water"", ""Crib"", ""Kitchen"", ""Hair dryer"", ""Dishwasher"", ""Elevator"", ""Stove"", ""Freezer""]"
51028787,2634978,Isole,Santa Croce,45.44053,12.32707,Entire rental unit,Entire home/apt,5,1.0,2.0,3.0,1 bath,1,1125,1125,1125,302.0,2,6,23,288,46,14,2,2021-09-25,2025-05-29,1.01,4.8,4.89,4.8,4.93,4.89,4.85,4.65,t,f,2012-06-14,within an hour,0.99,0.99,t,t,139.0,139.0,134,0,0,IT027042B4M8ZG4HHV,"[""Microwave"", ""Heating"", ""Essentials"", ""Air conditioning"", ""Coffee maker"", ""Dishes and silverware"", ""Pets allowed"", ""Oven"", ""Host greets you"", ""Hot water kettle"", ""Washer"", ""Iron"", ""Wifi"", ""Refrigerator"", ""Bed linens"", ""Toaster"", ""Hot water"", ""Crib"", ""Kitchen"", ""Hair dryer"", ""Dishwasher"", ""Elevator"", ""Stove"", ""Freezer""]"
51030242,2634978,Isole,Santa Croce,45.44047,12.325,Entire rental unit,Entire home/apt,16,4.0,6.0,9.0,4 baths,1,1125,1125,1125,1130.0,2,5,6,234,42,7,0,2021-10-12,2025-04-27,0.94,4.79,4.93,4.93,4.86,4.6,4.83,4.76,t,f,2012-06-14,within an hour,0.99,0.99,t,t,139.0,139.0,134,0,0,IT027042B4JAMAVCKP,"[""Microwave"", ""Heating"", ""Essentials"", ""Air conditioning"", ""Coffee maker"", ""Dishes and silverware"", ""Pets allowed"", ""Oven"", ""Host greets you"", ""Hot water kettle"", ""Washer"", ""Iron"", ""Wifi"", ""Refrigerator"", ""Bed linens"", ""Toaster"", ""Hot water"", ""Crib"", ""Kitchen"", ""Hair dryer"", ""Dishwasher"", ""Elevator"", ""Stove"", ""Freezer""]"
51610387,2634978,Isole,Santa Croce,45.44138,12.32688,Entire rental unit,Entire home/apt,4,1.0,1.0,2.0,1 bath,1,1125,1125,1125,212.0,13,24,40,315,54,7,0,2021-10-03,2024-10-01,1.2,4.63,4.65,4.74,4.83,4.69,4.78,4.5,t,f,2012-06-14,within an hour,0.99,0.99,t,t,139.0,139.0,134,0,0,IT027042B4MFYYCOBE,"[""Microwave"", ""Heating"", ""Essentials"", ""Air conditioning"", ""Coffee maker"", ""Dishes and silverware"", ""Pets allowed"", ""Oven"", ""Host greets you"", ""Hot water kettle"", ""Washer"", ""Iron"", ""Wifi"", ""Refrigerator"", ""Bed linens"", ""Hot water"", ""Crib"", ""Kitchen"", ""Hair dryer"", ""Dishwasher"", ""Stove"", ""Freezer""]"
51611862,2634978,Isole,Santa Croce,45.4397,12.32547,Entire rental unit,Entire home/apt,4,1.0,1.0,2.0,1 bath,1,1125,1125,1125,153.0,1,6,32,290,47,13,1,2021-09-26,2025-05-20,1.04,4.66,4.68,4.72,4.7,4.53,4.74,4.51,t,f,2012-06-14,within an hour,0.99,0.99,t,t,139.0,139.0,134,0,0,IT027042B4RO7HRPDL,"[""Microwave"", ""Heating"", ""Essentials"", ""Air conditioning"", ""Coffee maker"", ""Dishes and silverware"", ""Pets allowed"", ""Oven"", ""Host greets you"", ""Hot water kettle"", ""Washer"", ""Iron"", ""Wifi"", ""Refrigerator"", ""Bed linens"", ""Hot water"", ""Crib"", ""Kitchen"", ""Hair dryer"", ""Dishwasher"", ""Stove""]"
568669015232129122,2634978,Isole,Santa Croce,45.44057,12.32766,Entire rental unit,Entire home/apt,8,2.0,2.0,4.0,2 baths,1,1125,1125,1125,490.0,0,1,15,273,15,4,0,2022-05-29,2025-03-04,0.4,4.53,4.4,4.73,4.53,4.6,4.67,4.4,t,f,2012-06-14,within an hour,0.99,0.99,t,t,139.0,139.0,134,0,0,IT027042B4MFYYCOBE,"[""Microwave"", ""Heating"", ""Essentials"", ""Coffee maker"", ""Dishes and silverware"", ""Pets allowed"", ""Oven"", ""Host greets you"", ""Washer"", ""Iron"", ""Wifi"", ""Refrigerator"", ""Bed linens"", ""Hot water"", ""Crib"", ""Kitchen"", ""Hair dryer"", ""Dishwasher"", ""Stove"", ""Central air conditioning""]"
579510180700528060,2634978,Isole,Cannaregio,45.43993,12.33913,Entire rental unit,Entire home/apt,3,1.0,1.0,2.0,1 bath,1,1125,1125,1125,143.0,17,47,68,189,55,21,2,2022-04-28,2025-06-01,1.44,4.75,4.71,4.87,4.84,4.69,4.93,4.64,t,f,2012-06-14,within an hour,0.99,0.99,t,t,139.0,139.0,134,0,0,IT027042C2WCAIO98J,"[""Microwave"", ""Heating"", ""Essentials"", ""Air conditioning"", ""Coffee maker"", ""Dishes and silverware"", ""Fire extinguisher"", ""Oven"", ""Host greets you"", ""Hot water kettle"", ""Iron"", ""Wifi"", ""Refrigerator"", ""Bed linens"", ""Toaster"", ""Hot water"", ""Crib"", ""Kitchen"", ""Hair dryer"", ""TV"", ""Carbon monoxide alarm"", ""Dishwasher"", ""Stove"", ""Freezer""]"
583155402481165064,2634978,Isole,Cannaregio,45.44012,12.33998,Entire rental unit,Entire home/apt,4,1.0,1.0,2.0,1 bath,1,1125,1125,1125,156.0,8,16,19,280,64,18,1,2022-03-27,2025-05-29,1.63,4.63,4.77,4.73,4.78,4.86,4.81,4.59,t,f,2012-06-14,within an hour,0.99,0.99,t,t,139.0,139.0,134,0,0,IT027042B4Q48TH75Q,"[""Heating"", ""Essentials"", ""Air conditioning"", ""Coffee maker"", ""Dishes and silverware"", ""Fire extinguisher"", ""Pets allowed"", ""Oven"", ""Host greets you"", ""Washer"", ""Iron"", ""Wifi"", ""Refrigerator"", ""Bed linens"", ""Hot water"", ""Crib"", ""Kitchen"", ""Hair dryer"", ""Carbon monoxide alarm"", ""Dishwasher"", ""Stove""]"
585232092661131272,2634978,Isole,Cannaregio,45.44067,12.34131,Entire rental unit,Entire home/apt,8,2.0,2.0,4.0,2 baths,1,1125,1125,1125,496.0,0,3,6,207,6,3,0,2023-05-24,2024-11-10,0.24,4.83,4.83,5.0,4.83,4.33,4.83,5.0,t,f,2012-06-14,within an hour,0.99,0.99,t,t,139.0,139.0,134,0,0,IT027042B4Q48TH75Q,"[""Microwave"", ""Heating"", ""Essentials"", ""Air conditioning"", ""Coffee maker"", ""Dishes and silverware"", ""Pets allowed"", ""Oven"", ""Host greets you"", ""Hot water kettle"", ""Washer"", ""Iron"", ""Wifi"", ""Refrigerator"", ""Bed linens"", ""Toaster"", ""Hot water"", ""Crib"", ""Kitchen"", ""Hair dryer"", ""Dishwasher"", ""Stove"", ""Freezer""]"
633740196350112414,2634978,Isole,Cannaregio,45.44305,12.32593,Entire rental unit,Entire home/apt,8,4.0,4.0,4.0,4 baths,1,1125,1125,1125,705.0,9,28,47,302,37,19,0,2022-06-04,2025-04-29,1.0,4.78,4.78,4.84,4.73,4.68,4.81,4.68,t,f,2012-06-14,within an hour,0.99,0.99,t,t,139.0,139.0,134,0,0,IT027042B44IDYXAUX,"[""Refrigerator"", ""Oven"", ""Bed linens"", ""Host greets you"", ""Heating"", ""Essentials"", ""Air conditioning"", ""Coffee maker"", ""Dishes and silverware"", ""Hot water"", ""Crib"", ""Kitchen"", ""Dishwasher"", ""Iron"", ""Gas stove"", ""Hair dryer"", ""Wifi""]"
633788258308589731,2634978,Isole,Santa Croce,45.44121,12.32642,Entire rental unit,Entire home/apt,4,2.0,2.0,3.0,2 baths,1,1125,1125,1125,177.0,9,25,42,310,25,15,0,2022-05-28,2025-04-30,0.67,4.64,4.76,4.72,4.8,4.72,4.72,4.44,t,f,2012-06-14,within an hour,0.99,0.99,t,t,139.0,139.0,134,0,0,IT027042B493O8GW92,"[""Refrigerator"", ""Bed linens"", ""Host greets you"", ""Heating"", ""Essentials"", ""Air conditioning"", ""Coffee maker"", ""Dishes and silverware"", ""Stove"", ""Hot water"", ""Crib"", ""Kitchen"", ""Iron"", ""Hair dryer"", ""Wifi""]"
634526850333755820,2634978,Isole,Santa Croce,45.44129,12.32455,Entire rental unit,Entire home/apt,12,6.0,6.0,7.0,6 baths,1,1125,1125,1125,1095.0,5,17,29,283,11,3,0,2022-06-20,2024-09-20,0.3,4.64,4.73,4.55,4.82,4.73,4.64,4.64,t,f,2012-06-14,within an hour,0.99,0.99,t,t,139.0,139.0,134,0,0,IT027042B44IDYXAUX,"[""Heating"", ""Essentials"", ""Air conditioning"", ""Coffee maker"", ""Dishes and silverware"", ""Oven"", ""Host greets you"", ""Hot water kettle"", ""Iron"", ""Wifi"", ""Refrigerator"", ""Bed linens"", ""Toaster"", ""Hot water"", ""Crib"", ""Kitchen"", ""Hair dryer"", ""Dishwasher"", ""Stove"", ""Freezer""]"
648342882380228260,2634978,Isole,Santa Croce,45.43897,12.33077,Entire rental unit,Entire home/apt,4,1.0,1.0,3.0,1 bath,1,1125,1125,1125,167.0,8,30,55,330,41,20,1,2022-08-12,2025-05-21,1.18,4.54,4.76,4.54,4.49,4.61,4.83,4.41,t,f,2012-06-14,within an hour,0.99,0.99,t,t,139.0,139.0,134,0,0,IT027042B4DEDUEDOA,"[""Essentials"", ""Air conditioning"", ""Dishes and silverware"", ""Fire extinguisher"", ""Pets allowed"", ""Oven"", ""Host greets you"", ""Coffee maker: espresso machine"", ""Washer"", ""Iron"", ""Bathtub"", ""Wifi"", ""Refrigerator"", ""Bed linens"", ""Central heating"", ""Crib - available upon request"", ""Hot water"", ""Kitchen"", ""Hair dryer"", ""Carbon monoxide alarm"", ""Dishwasher"", ""Stove""]"
671493098924148892,2634978,Isole,Santa Croce,45.43999,12.33144,Entire rental unit,Entire home/apt,4,1.0,2.0,3.0,1 bath,1,1125,1125,1125,167.0,1,7,22,296,65,25,0,2022-09-06,2025-05-10,1.92,4.75,4.8,4.75,4.86,4.78,4.89,4.6,t,f,2012-06-14,within an hour,0.99,0.99,t,t,139.0,139.0,134,0,0,IT027042C2EFVX3DWO,"[""Microwave"", ""Essentials"", ""Air conditioning"", ""Coffee maker"", ""Dishes and silverware"", ""Fire extinguisher"", ""Pets allowed"", ""Oven"", ""Host greets you"", ""Iron"", ""Wifi"", ""Refrigerator"", ""Bed linens"", ""Central heating"", ""Toaster"", ""Hot water"", ""Crib"", ""Kitchen"", ""Hair dryer"", ""Carbon monoxide alarm"", ""Stove"", ""Free washer \u2013 In unit""]"
776570921414904136,2634978,Isole,Castello,45.4389061,12.3418421,Entire rental unit,Entire home/apt,8,3.0,3.0,5.0,3 baths,1,1125,1125,1125,552.0,3,15,34,301,90,39,2,2023-04-08,2025-05-31,3.37,4.89,4.83,4.87,4.91,4.8,4.96,4.71,t,f,2012-06-14,within an hour,0.99,0.99,t,t,139.0,139.0,134,0,0,IT027042C2Z4DDPQG9,"[""Microwave"", ""Heating"", ""Essentials"", ""Air conditioning"", ""Coffee maker"", ""Dishes and silverware"", ""Fire extinguisher"", ""Pets allowed"", ""Oven"", ""Host greets you"", ""Hot water kettle"", ""Washer"", ""Iron"", ""Wifi"", ""Refrigerator"", ""Bed linens"", ""Patio or balcony"", ""Hot water"", ""Crib"", ""Kitchen"", ""Hair dryer"", ""Carbon monoxide alarm"", ""Dishwasher"", ""Stove"", ""Freezer""]"
777989638097946158,2634978,Isole,Castello,45.4367107,12.3479941,Entire rental unit,Entire home/apt,3,1.0,1.0,2.0,1 bath,1,1125,1125,1125,205.0,6,18,30,293,25,8,0,2023-01-02,2025-05-12,0.84,4.76,4.76,4.6,4.8,4.8,4.68,4.6,t,f,2012-06-14,within an hour,0.99,0.99,t,t,139.0,139.0,134,0,0,IT027042B4KDPOTYBM,"[""Heating"", ""Essentials"", ""Air conditioning"", ""Coffee maker"", ""Dishes and silverware"", ""Outdoor dining area"", ""Fire extinguisher"", ""Pets allowed"", ""Oven"", ""Host greets you"", ""Hot water kettle"", ""Washer"", ""Iron"", ""Wifi"", ""Refrigerator"", ""Bed linens"", ""Toaster"", ""Hot water"", ""Crib"", ""Kitchen"", ""Hair dryer"", ""Outdoor furniture"", ""Carbon monoxide alarm"", ""Dishwasher"", ""Stove"", ""Freezer"", ""Bidet""]"
832296493775728970,2634978,Isole,San Polo,45.436750764084856,12.330179734562554,Entire rental unit,Entire home/apt,5,2.0,2.0,2.0,2 baths,1,1125,1125,1125,171.0,9,26,56,321,18,11,1,2023-04-22,2025-05-28,0.69,4.56,4.83,4.67,4.5,4.89,5.0,4.67,t,f,2012-06-14,within an hour,0.99,0.99,t,t,139.0,139.0,134,0,0,IT027042B4C2FYJZ65,"[""Microwave"", ""Heating"", ""Essentials"", ""Air conditioning"", ""Coffee maker"", ""Dishes and silverware"", ""Fire extinguisher"", ""Pets allowed"", ""Host greets you"", ""Washer"", ""Iron"", ""Wifi"", ""Refrigerator"", ""Hot water"", ""Crib"", ""Kitchen"", ""Hair dryer"", ""Carbon monoxide alarm"", ""Dishwasher"", ""Stove""]"
841761973514965343,2634978,Isole,Cannaregio,45.440003249502944,12.339789929795144,Entire rental unit,Entire home/apt,4,1.0,1.0,2.0,1 bath,1,1125,1125,1125,198.0,6,17,47,255,45,17,0,2023-04-23,2025-03-03,1.72,4.73,4.76,4.73,4.82,4.8,4.76,4.4,t,f,2012-06-14,within an hour,0.99,0.99,t,t,139.0,139.0,134,0,0,IT027042B4PXJX9P8W,"[""Microwave"", ""Heating"", ""Essentials"", ""Air conditioning"", ""Coffee maker"", ""Dishes and silverware"", ""Fire extinguisher"", ""Pets allowed"", ""Oven"", ""Host greets you"", ""Iron"", ""Wifi"", ""Refrigerator"", ""Bed linens"", ""Toaster"", ""Hot water"", ""Crib"", ""Kitchen"", ""Hair dryer"", ""TV"", ""Carbon monoxide alarm"", ""Dishwasher"", ""Stove""]"
846971626425009154,2634978,Isole,Cannaregio,45.43985,12.33573,Entire rental unit,Entire home/apt,4,2.0,2.0,3.0,2 baths,1,1125,1125,1125,229.0,9,27,43,280,30,18,1,2023-04-05,2025-06-01,1.12,4.73,4.77,4.77,4.5,4.77,4.87,4.53,t,f,2012-06-14,within an hour,0.99,0.99,t,t,139.0,139.0,134,0,0,IT027042B49AQEPQ9D,"[""Microwave"", ""Heating"", ""Essentials"", ""Air conditioning"", ""Coffee maker"", ""Dishes and silverware"", ""Pets allowed"", ""Oven"", ""Host greets you"", ""Hot water kettle"", ""Iron"", ""Wifi"", ""Refrigerator"", ""Bed linens"", ""Patio or balcony"", ""Toaster"", ""Hot water"", ""Crib"", ""Kitchen"", ""Hair dryer"", ""Dishwasher"", ""Stove"", ""Freezer""]"
848208372538001048,2634978,Isole,San Marco,45.4337618849008,12.331439244230587,Entire rental unit,Entire home/apt,6,2.0,3.0,5.0,2 baths,1,1125,1125,1125,426.0,4,11,21,270,47,17,1,2023-06-23,2025-05-20,1.94,4.64,4.68,4.47,4.89,4.74,4.96,4.6,t,f,2012-06-14,within an hour,0.99,0.99,t,t,139.0,139.0,134,0,0,IT027042B4IRQ6F9UR,"[""Microwave"", ""Heating"", ""Essentials"", ""Air conditioning"", ""Coffee maker"", ""Dishes and silverware"", ""Fire extinguisher"", ""Pets allowed"", ""Oven"", ""Host greets you"", ""Hot water kettle"", ""Washer"", ""Iron"", ""Wifi"", ""Refrigerator"", ""Bed linens"", ""Patio or balcony"", ""Toaster"", ""Hot water"", ""Crib"", ""Kitchen"", ""Hair dryer"", ""Carbon monoxide alarm"", ""Dishwasher"", ""Stove"", ""Dryer"", ""Freezer""]"
848421217400729417,2634978,Isole,Cannaregio,45.44586,12.32901,Entire rental unit,Entire home/apt,4,2.0,2.0,3.0,2 baths,1,1125,1125,1125,360.0,18,37,64,312,10,4,1,2023-08-17,2025-05-26,0.45,4.3,4.3,4.6,4.5,4.4,4.7,3.9,t,f,2012-06-14,within an hour,0.99,0.99,t,t,139.0,139.0,134,0,0,IT027042B49U2RNSBM,"[""Microwave"", ""Heating"", ""Essentials"", ""Air conditioning"", ""Coffee maker"", ""Dishes and silverware"", ""Pets allowed"", ""Oven"", ""Host greets you"", ""Hot water kettle"", ""Washer"", ""Iron"", ""Wifi"", ""Refrigerator"", ""Bed linens"", ""Patio or balcony"", ""Toaster"", ""Hot water"", ""Crib"", ""Kitchen"", ""Hair dryer"", ""Dishwasher"", ""Stove""]"
849025473906874035,2634978,Isole,Cannaregio,45.44393,12.3341,Entire rental unit,Entire home/apt,8,4.0,4.0,5.0,4 baths,1,1125,1125,1125,522.0,11,28,45,286,25,7,0,2023-05-19,2025-05-06,0.99,4.32,4.4,4.2,4.52,4.44,4.44,4.2,t,f,2012-06-14,within an hour,0.99,0.99,t,t,139.0,139.0,134,0,0,IT027042B44CDCP279,"[""Microwave"", ""Heating"", ""Essentials"", ""Air conditioning"", ""Coffee maker"", ""Dishes and silverware"", ""Pets allowed"", ""Oven"", ""Host greets you"", ""Hot water kettle"", ""Washer"", ""Iron"", ""Wifi"", ""Refrigerator"", ""Bed linens"", ""Patio or balcony"", ""Toaster"", ""Hot water"", ""Crib"", ""Kitchen"", ""Hair dryer"", ""Dishwasher"", ""Stove""]"
849126724707015295,2634978,Isole,Cannaregio,45.44356449107392,12.334163961735705,Entire rental unit,Entire home/apt,5,2.0,2.0,4.0,2 baths,1,1125,1125,1125,173.0,5,18,38,296,10,4,0,2023-07-10,2025-05-17,0.42,4.5,4.3,4.4,4.5,4.7,5.0,4.3,t,f,2012-06-14,within an hour,0.99,0.99,t,t,139.0,139.0,134,0,0,IT027042B46PU88R4W,"[""Heating"", ""Essentials"", ""Air conditioning"", ""Coffee maker"", ""Dishes and silverware"", ""Pets allowed"", ""Oven"", ""Host greets you"", ""Hot water kettle"", ""Washer"", ""Iron"", ""Wifi"", ""Refrigerator"", ""Bed linens"", ""Toaster"", ""Backyard"", ""Hot water"", ""Crib"", ""Kitchen"", ""Hair dryer"", ""Dishwasher"", ""Stove""]"
851855228108319397,2634978,Isole,Cannaregio,45.44191541866969,12.333701352723809,Entire rental unit,Entire home/apt,4,1.0,1.0,2.0,1 bath,1,1125,1125,1125,194.0,0,0,0,0,0,0,0,2222-01-01,2222-01-01,-222.0,-222.0,-222.0,-222.0,-222.0,-222.0,-222.0,-222.0,t,f,2012-06-14,within an hour,0.99,0.99,t,t,139.0,139.0,134,0,0,IT027042B4KPMD4YC3,"[""Microwave"", ""Heating"", ""Essentials"", ""Air conditioning"", ""Coffee maker"", ""Dishes and silverware"", ""Fire extinguisher"", ""Pets allowed"", ""Oven"", ""Host greets you"", ""Hot water kettle"", ""Washer"", ""Iron"", ""Wifi"", ""Refrigerator"", ""Bed linens"", ""Backyard"", ""Hot water"", ""Crib"", ""Kitchen"", ""Hair dryer"", ""TV"", ""Carbon monoxide alarm"", ""Dishwasher"", ""Stove""]"
853364551853841366,2634978,Isole,Dorsoduro,45.4347,12.32715,Entire rental unit,Entire home/apt,5,1.0,2.0,3.0,1 bath,1,1125,1125,1125,381.0,15,27,37,312,20,8,1,2023-04-15,2025-05-25,0.75,4.65,4.8,4.8,5.0,4.75,4.95,4.6,t,f,2012-06-14,within an hour,0.99,0.99,t,t,139.0,139.0,134,0,0,IT027042B4QRTW8P2V,"[""Heating"", ""Essentials"", ""Air conditioning"", ""Coffee maker"", ""Dishes and silverware"", ""Oven"", ""Host greets you"", ""Iron"", ""Bathtub"", ""Wifi"", ""Refrigerator"", ""Bed linens"", ""Patio or balcony"", ""Toaster"", ""Hot water"", ""Crib"", ""Kitchen"", ""Hair dryer"", ""Dishwasher"", ""Stove"", ""Freezer""]"
854120776002129740,2634978,Isole,San Marco,45.43433765576967,12.327346747354,Entire rental unit,Entire home/apt,8,2.0,3.0,5.0,2 baths,1,1125,1125,1125,787.0,12,20,27,256,1,0,0,2023-06-30,2023-06-30,0.04,5.0,5.0,5.0,5.0,5.0,5.0,5.0,t,f,2012-06-14,within an hour,0.99,0.99,t,t,139.0,139.0,134,0,0,IT027042B4QRTW8P2V,"[""Heating"", ""Essentials"", ""Air conditioning"", ""Coffee maker"", ""Dishes and silverware"", ""Pets allowed"", ""Oven"", ""Host greets you"", ""Hot water kettle"", ""Washer"", ""Iron"", ""Bathtub"", ""Wifi"", ""Refrigerator"", ""Bed linens"", ""Patio or balcony"", ""Toaster"", ""Hot water"", ""Crib"", ""Kitchen"", ""Hair dryer"", ""TV"", ""Dishwasher"", ""Elevator"", ""Stove""]"
856366225682823825,2634978,Isole,San Marco,45.43163990274841,12.33208137281684,Entire rental unit,Entire home/apt,2,1.0,1.0,1.0,1 bath,1,1125,1125,1125,188.0,19,41,71,324,57,22,0,2023-04-20,2025-05-12,2.16,4.47,4.61,4.46,4.61,4.61,4.79,4.3,t,f,2012-06-14,within an hour,0.99,0.99,t,t,139.0,139.0,134,0,0,IT027042B4XIW4H862,"[""Bed linens"", ""Host greets you"", ""Heating"", ""Essentials"", ""Air conditioning"", ""Hot water kettle"", ""Dishes and silverware"", ""Coffee maker"", ""Stove"", ""Washer"", ""Hot water"", ""Kitchen"", ""Iron"", ""Hair dryer"", ""Wifi""]"
857647055081649303,2634978,Isole,Cannaregio,45.44764687602828,12.322388266031089,Entire rental unit,Entire home/apt,3,1.0,1.0,2.0,1 bath,1,1125,1125,1125,206.0,20,35,63,309,35,9,0,2023-04-02,2025-04-26,1.3,4.34,4.4,4.14,4.63,4.46,4.66,4.26,t,f,2012-06-14,within an hour,0.99,0.99,t,t,139.0,139.0,134,0,0,IT027042B42TWUFKK2,"[""Microwave"", ""Heating"", ""Essentials"", ""Air conditioning"", ""Coffee maker"", ""Dishes and silverware"", ""Pets allowed"", ""Host greets you"", ""Hot water kettle"", ""Iron"", ""Wifi"", ""Refrigerator"", ""Bed linens"", ""Patio or balcony"", ""Hot water"", ""Crib"", ""Kitchen"", ""Hair dryer"", ""TV"", ""Dishwasher"", ""Stove""]"
869295514768355869,2634978,Isole,Dorsoduro,45.43457623983365,12.318231117243666,Entire rental unit,Entire home/apt,5,1.5,2.0,4.0,1.5 baths,1,1125,1125,1125,184.0,11,23,51,315,38,22,2,2023-05-01,2025-06-03,1.46,4.74,4.76,4.76,4.87,4.71,4.82,4.5,t,f,2012-06-14,within an hour,0.99,0.99,t,t,139.0,139.0,134,0,0,IT027042C2Z3NBFIX7,"[""Heating"", ""Essentials"", ""Air conditioning"", ""Coffee maker"", ""Dishes and silverware"", ""Pets allowed"", ""Oven"", ""Host greets you"", ""Hot water kettle"", ""Washer"", ""Iron"", ""Wifi"", ""Refrigerator"", ""Bed linens"", ""Patio or balcony"", ""Toaster"", ""Hot water"", ""Crib"", ""Kitchen"", ""Hair dryer"", ""TV"", ""Dishwasher"", ""Stove""]"
892624176101166631,2634978,Isole,Cannaregio,45.44370694865653,12.332289637377222,Entire rental unit,Entire home/apt,4,1.0,1.0,2.0,1 bath,1,1125,1125,1125,265.0,7,13,40,299,48,15,0,2023-06-04,2025-03-16,1.93,4.75,4.73,4.81,4.67,4.79,4.96,4.67,t,f,2012-06-14,within an hour,0.99,0.99,t,t,139.0,139.0,134,0,0,IT027042B43EYQKKGL,"[""Heating"", ""Essentials"", ""Air conditioning"", ""Coffee maker"", ""Dishes and silverware"", ""Pets allowed"", ""Oven"", ""Host greets you"", ""Washer"", ""Iron"", ""Wifi"", ""Refrigerator"", ""Bed linens"", ""Toaster"", ""Hot water"", ""Crib"", ""Kitchen"", ""Hair dryer"", ""TV"", ""Dishwasher"", ""Stove""]"
909419579348838376,2634978,Isole,San Marco,45.43341763854952,12.33587598719071,Entire rental unit,Entire home/apt,8,2.0,2.0,4.0,2 baths,1,1125,1125,1125,371.0,4,22,43,302,45,27,2,2023-07-03,2025-06-02,1.89,4.8,4.91,4.67,4.6,4.73,4.91,4.67,t,f,2012-06-14,within an hour,0.99,0.99,t,t,139.0,139.0,134,0,0,IT027042C2VY86YLP5,"[""Heating"", ""Essentials"", ""Air conditioning"", ""Coffee maker"", ""Dishes and silverware"", ""Pets allowed"", ""Host greets you"", ""Hot water kettle"", ""Iron"", ""Wifi"", ""Refrigerator"", ""Bed linens"", ""Patio or balcony"", ""Hot water"", ""Crib"", ""Kitchen"", ""Hair dryer"", ""Dishwasher"", ""Stove"", ""Freezer""]"
917949092346277218,2634978,Isole,Cannaregio,45.445872584670944,12.328466971409672,Entire rental unit,Entire home/apt,9,1.0,4.0,1.0,4 baths,1,1125,1125,1125,228.50778129734195,3,13,28,259,17,9,1,2023-08-06,2025-05-26,0.75,4.53,4.59,4.71,4.53,4.71,4.88,4.47,t,f,2012-06-14,within an hour,0.99,0.99,t,t,139.0,139.0,134,0,0,IT027042B46PU88R4W,"[""Microwave"", ""Heating"", ""Essentials"", ""Air conditioning"", ""Coffee maker"", ""Dishes and silverware"", ""Pets allowed"", ""Oven"", ""Host greets you"", ""Hot water kettle"", ""Washer"", ""Iron"", ""Wifi"", ""Refrigerator"", ""Bed linens"", ""Backyard"", ""Hot water"", ""Crib"", ""Kitchen"", ""Hair dryer"", ""Dishwasher"", ""Stove""]"
918692058543827764,2634978,Isole,Dorsoduro,45.42964,12.33256,Entire rental unit,Entire home/apt,4,1.0,1.0,2.0,1 bath,1,1125,1125,1125,160.0,11,35,60,335,16,6,0,2023-07-12,2025-03-07,0.68,4.31,4.38,4.44,4.25,4.56,4.81,4.31,t,f,2012-06-14,within an hour,0.99,0.99,t,t,139.0,139.0,134,0,0,IT027042B472VTRWC3,"[""Microwave"", ""Heating"", ""Essentials"", ""Air conditioning"", ""Coffee maker"", ""Dishes and silverware"", ""Host greets you"", ""Hot water kettle"", ""Washer"", ""Iron"", ""Wifi"", ""Refrigerator"", ""Bed linens"", ""Patio or balcony"", ""Hot water"", ""Kitchen"", ""Hair dryer"", ""Stove"", ""Freezer""]"
919275770801628802,2634978,Isole,Cannaregio,45.44616304843576,12.32731912107226,Entire rental unit,Entire home/apt,12,6.0,6.0,8.0,6 baths,1,1125,1125,1125,1278.0,12,25,42,282,13,8,2,2023-11-26,2025-06-01,0.68,4.77,4.85,4.85,4.77,4.85,5.0,4.85,t,f,2012-06-14,within an hour,0.99,0.99,t,t,139.0,139.0,134,0,0,IT027042B44CDCP279,"[""Heating"", ""Essentials"", ""Air conditioning"", ""Coffee maker"", ""Dishes and silverware"", ""Pets allowed"", ""Oven"", ""Host greets you"", ""Hot water kettle"", ""Washer"", ""Iron"", ""Wifi"", ""Refrigerator"", ""Bed linens"", ""Smoking allowed"", ""Patio or balcony"", ""Hot water"", ""Crib"", ""Kitchen"", ""Hair dryer"", ""Dishwasher"", ""Stove""]"
954213927870826230,2634978,Isole,Cannaregio,45.440377900846265,12.33818124413205,Entire rental unit,Entire home/apt,4,1.0,1.0,2.0,1 bath,1,1125,1125,1125,148.0,25,53,79,349,13,10,1,2023-10-14,2025-05-18,0.64,4.08,4.23,4.31,4.38,4.54,4.46,3.92,t,f,2012-06-14,within an hour,0.99,0.99,t,t,139.0,139.0,134,0,0,IT027042B4QWIBLJ3Q,"[""Microwave"", ""Heating"", ""Essentials"", ""Air conditioning"", ""Coffee maker"", ""Dishes and silverware"", ""Fire extinguisher"", ""Pets allowed"", ""Host greets you"", ""Cooking basics"", ""Hot water kettle"", ""Washer"", ""Iron"", ""Wifi"", ""Refrigerator"", ""Bed linens"", ""Hot water"", ""Crib"", ""Kitchen"", ""Hair dryer"", ""Carbon monoxide alarm"", ""Dishwasher"", ""Stove"", ""Freezer""]"
956226374355287944,2634978,Isole,San Marco,45.43199685072516,12.334041761846116,Entire rental unit,Entire home/apt,2,1.0,1.0,1.0,1 bath,1,1125,1125,1125,162.0,6,18,48,319,15,10,1,2023-09-21,2025-05-25,0.71,4.4,4.6,4.2,4.73,4.47,4.67,4.0,t,f,2012-06-14,within an hour,0.99,0.99,t,t,139.0,139.0,134,0,0,IT027042B4UOHA6NPN,"[""Refrigerator"", ""Bed linens"", ""Host greets you"", ""Heating"", ""Essentials"", ""Air conditioning"", ""Dishes and silverware"", ""Stove"", ""Hot water"", ""Kitchen"", ""Iron"", ""Hair dryer"", ""Wifi""]"
1075108493215768685,2634978,Isole,Castello,45.43415702726072,12.342622304832773,Entire rental unit,Entire home/apt,4,1.0,2.0,4.0,1 bath,1,1125,1125,1125,175.0,19,38,64,339,27,19,0,2024-02-05,2025-05-02,1.62,4.81,4.78,4.85,4.81,4.74,4.96,4.59,t,f,2012-06-14,within an hour,0.99,0.99,t,t,139.0,139.0,134,0,0,IT027042C236POAUTL,"[""Refrigerator"", ""Bed linens"", ""Host greets you"", ""Heating"", ""Essentials"", ""Air conditioning"", ""Cooking basics"", ""Dishes and silverware"", ""Stove"", ""Hot water"", ""Crib"", ""Carbon monoxide alarm"", ""Kitchen"", ""Iron"", ""Smoke alarm"", ""Hair dryer"", ""Wifi""]"
1075198533772122401,2634978,Isole,Cannaregio,45.44019,12.34065,Entire rental unit,Entire home/apt,4,1.0,1.0,2.0,1 bath,1,1125,1125,1125,186.0,10,38,62,334,10,7,0,2024-04-21,2025-04-20,0.71,4.3,4.7,4.6,4.9,4.0,4.7,4.3,t,f,2012-06-14,within an hour,0.99,0.99,t,t,139.0,139.0,134,0,0,IT027042C2KJ687C5I,"[""Heating"", ""Essentials"", ""Air conditioning"", ""Dishes and silverware"", ""Fire extinguisher"", ""Oven"", ""Host greets you"", ""Washer"", ""Iron"", ""Wifi"", ""Refrigerator"", ""Bed linens"", ""Patio or balcony"", ""Hot water"", ""Crib"", ""Kitchen"", ""Hair dryer"", ""Carbon monoxide alarm"", ""Dishwasher"", ""Stove""]"
1075243337418378868,2634978,Isole,Castello,45.43791,12.34005,Entire rental unit,Entire home/apt,3,1.0,1.0,2.0,1 bath,1,1125,1125,1125,258.0,24,52,67,251,5,2,0,2024-02-05,2025-04-09,0.3,4.4,4.6,4.6,4.6,4.8,4.8,4.6,t,f,2012-06-14,within an hour,0.99,0.99,t,t,139.0,139.0,134,0,0,IT027042C2PAFUA96R,"[""Refrigerator"", ""Bed linens"", ""Host greets you"", ""Heating"", ""Essentials"", ""Air conditioning"", ""Dishes and silverware"", ""Stove"", ""Hot water"", ""Crib"", ""Kitchen"", ""Iron"", ""Pets allowed"", ""Hair dryer"", ""Wifi""]"
1099915090070777821,2634978,Isole,Castello,45.43280379610181,12.348978073906324,Entire rental unit,Entire home/apt,5,3.0,2.0,3.0,3 baths,1,1125,1125,1125,164.0,12,19,46,291,10,10,1,2024-07-25,2025-05-28,0.91,4.9,4.6,5.0,4.9,4.9,4.9,4.8,t,f,2012-06-14,within an hour,0.99,0.99,t,t,139.0,139.0,134,0,0,IT027042B4GKEUAEQM,"[""Refrigerator"", ""Bed linens"", ""Host greets you"", ""Heating"", ""Essentials"", ""Air conditioning"", ""Cooking basics"", ""Dishes and silverware"", ""Stove"", ""Hot water"", ""Crib"", ""Kitchen"", ""Dishwasher"", ""Iron"", ""Pets allowed"", ""Hair dryer"", ""Wifi""]"
1133236941948318647,2634978,Isole,Cannaregio,45.44365,12.334,Entire rental unit,Entire home/apt,2,1.0,1.0,1.0,1 bath,1,1125,1125,1125,314.0,5,17,36,258,14,13,0,2024-05-06,2025-04-30,1.03,4.43,4.43,4.29,4.36,4.36,4.79,4.21,t,f,2012-06-14,within an hour,0.99,0.99,t,t,139.0,139.0,134,0,0,IT027042B4KR3FGM98,"[""Heating"", ""Essentials"", ""Air conditioning"", ""Coffee maker"", ""Dishes and silverware"", ""Oven"", ""Host greets you"", ""Hot water kettle"", ""Washer"", ""Iron"", ""Bathtub"", ""Wifi"", ""Refrigerator"", ""Bed linens"", ""Hot water"", ""Crib"", ""Kitchen"", ""Hair dryer"", ""TV"", ""Dishwasher"", ""Stove""]"
1165273971019095954,579781108,Terraferma,Giustizia,45.4860861,12.2211514,Room in hotel,Private room,2,20.0,20.0,25.0,20 baths,1,365,365,365,112.0,29,58,88,358,2,1,0,2024-06-02,2025-02-16,0.16,5.0,4.5,5.0,4.0,4.5,5.0,5.0,t,f,2024-05-26,SIN_INFO,222.0,1.0,t,f,4.0,5.0,0,4,0,IT027042A1SC3SNWW3,"[""Self check-in"", ""Heating"", ""Free street parking"", ""Air conditioning"", ""Paid parking on premises"", ""TV"", ""Crib"", ""Carbon monoxide alarm"", ""Fire extinguisher"", ""First aid kit"", ""Smoke alarm"", ""Hair dryer"", ""Building staff"", ""Wifi""]"
1168881507668286002,579781108,Terraferma,Giustizia,45.4848911657033,12.220856886087738,Room in hotel,Private room,3,1.0,1.0,1.0,1 private bath,1,365,365,365,143.0,27,51,78,349,4,2,0,2024-06-09,2025-02-16,0.32,4.75,4.5,4.75,5.0,4.75,4.5,4.5,t,f,2024-05-26,SIN_INFO,222.0,1.0,t,f,4.0,5.0,0,4,0,IT027042A1SC3SNWW3,"[""Self check-in"", ""Heating"", ""Free street parking"", ""Air conditioning"", ""Paid parking on premises"", ""Outdoor dining area"", ""TV"", ""Crib"", ""Carbon monoxide alarm"", ""Fire extinguisher"", ""First aid kit"", ""Smoke alarm"", ""Hair dryer"", ""Building staff"", ""Wifi""]"
1168969358011979164,579781108,Terraferma,Giustizia,45.4860861,12.2211514,Room in hotel,Private room,2,1.0,1.0,2.0,1 private bath,1,365,365,365,110.0,22,48,73,343,2,1,0,2024-06-15,2025-03-16,0.16,3.0,3.0,3.0,3.0,3.0,2.0,2.5,t,f,2024-05-26,SIN_INFO,222.0,1.0,t,f,4.0,5.0,0,4,0,IT027042A1SC3SNWW3,"[""Self check-in"", ""Heating"", ""Free street parking"", ""Air conditioning"", ""Paid parking on premises"", ""TV"", ""Crib"", ""Carbon monoxide alarm"", ""Fire extinguisher"", ""First aid kit"", ""Smoke alarm"", ""Hair dryer"", ""Building staff"", ""Wifi""]"
1168972911901812737,579781108,Terraferma,Giustizia,45.48575,12.22226,Room in hotel,Private room,1,1.0,1.0,1.0,1 private bath,1,365,365,365,89.0,24,53,82,354,3,2,0,2024-06-12,2025-02-09,0.24,4.33,5.0,4.67,4.67,5.0,4.67,5.0,t,f,2024-05-26,SIN_INFO,222.0,1.0,t,f,4.0,5.0,0,4,0,IT027042A1SC3SNWW3,"[""Self check-in"", ""Heating"", ""Free street parking"", ""Air conditioning"", ""Paid parking on premises"", ""TV"", ""Crib"", ""Carbon monoxide alarm"", ""Fire extinguisher"", ""First aid kit"", ""Smoke alarm"", ""Hair dryer"", ""Building staff"", ""Wifi""]"
1193382591664929080,2634978,Isole,Dorsoduro,45.42931,12.33288,Entire rental unit,Entire home/apt,4,1.0,1.0,3.0,1 bath,1,1125,1125,1125,122.0,16,38,64,336,8,8,0,2024-09-29,2025-05-06,0.92,4.75,4.75,4.75,4.63,4.88,4.88,4.5,t,f,2012-06-14,within an hour,0.99,0.99,t,t,139.0,139.0,134,0,0,IT027042C2ICLKICXN,"[""Refrigerator"", ""Bed linens"", ""Host greets you"", ""Microwave"", ""Heating"", ""Essentials"", ""Cooking basics"", ""Dishes and silverware"", ""Stove"", ""Washer"", ""Hot water"", ""TV"", ""Crib"", ""Kitchen"", ""Iron"", ""Pets allowed"", ""Hair dryer"", ""Wifi""]"
1216494385295586089,2634978,Isole,San Polo,45.43815935715215,12.333496890053638,Entire rental unit,Entire home/apt,8,2.0,3.0,5.0,2 baths,1,1125,1125,1125,345.0,4,15,29,290,11,11,3,2024-08-25,2025-05-31,1.11,4.36,4.73,4.45,4.45,4.73,4.73,4.64,t,f,2012-06-14,within an hour,0.99,0.99,t,t,139.0,139.0,134,0,0,IT027042B44C2ABYLP,"[""Self check-in"", ""Microwave"", ""Heating"", ""Essentials"", ""Air conditioning"", ""Coffee maker"", ""Dishes and silverware"", ""Pets allowed"", ""Oven"", ""Washer"", ""Iron"", ""Wifi"", ""Keypad"", ""Refrigerator"", ""Bed linens"", ""Hot water"", ""Crib"", ""Kitchen"", ""Hair dryer"", ""Dishwasher"", ""Stove"", ""Freezer""]"
1226575951591317605,2634978,Isole,Cannaregio,45.44429,12.32302,Entire rental unit,Entire home/apt,5,1.5,2.0,3.0,1.5 baths,1,1125,1125,1125,168.0,14,30,60,335,9,9,0,2024-08-30,2025-04-10,0.92,4.33,4.33,4.33,3.44,4.44,4.67,4.11,t,f,2012-06-14,within an hour,0.99,0.99,t,t,139.0,139.0,134,0,0,IT027042B4QNN9QWE2,"[""Microwave"", ""Heating"", ""Essentials"", ""Air conditioning"", ""Coffee maker"", ""Dishes and silverware"", ""Pets allowed"", ""Oven"", ""Host greets you"", ""Hot water kettle"", ""Washer"", ""Iron"", ""Bathtub"", ""Wifi"", ""Refrigerator"", ""Bed linens"", ""Toaster"", ""Backyard"", ""Hot water"", ""Crib"", ""Kitchen"", ""Hair dryer"", ""Dishwasher"", ""Stove"", ""Freezer""]"
1273846946767749668,2634978,Isole,Santa Croce,45.44061588352363,12.325135336946058,Entire rental unit,Entire home/apt,4,1.0,1.0,2.0,1 bath,1,1125,1125,1125,178.0,4,15,41,305,2,2,0,2024-11-11,2025-03-31,0.27,4.0,4.5,3.5,5.0,5.0,5.0,4.5,t,f,2012-06-14,within an hour,0.99,0.99,t,t,139.0,139.0,134,0,0,IT027042C2J4IR8YOL,"[""Microwave"", ""Heating"", ""Essentials"", ""Air conditioning"", ""Pets allowed"", ""Host greets you"", ""Washer"", ""Iron"", ""Bathtub"", ""Wifi"", ""Refrigerator"", ""Bed linens"", ""Hot water"", ""Crib"", ""Kitchen"", ""Hair dryer"", ""TV"", ""Dishwasher"", ""Stove""]"
1274547906423999959,2634978,Isole,Santa Croce,45.43988035398132,12.325162245903936,Entire rental unit,Entire home/apt,4,1.0,1.0,2.0,1 bath,1,1125,1125,1125,146.0,4,12,36,311,10,10,2,2025-01-06,2025-05-22,1.84,4.6,4.8,4.7,4.8,4.7,4.9,4.0,t,f,2012-06-14,within an hour,0.99,0.99,t,t,139.0,139.0,134,0,0,IT027042C2BUAWZOGB,"[""Microwave"", ""Heating"", ""Essentials"", ""Air conditioning"", ""Dishes and silverware"", ""Pets allowed"", ""Oven"", ""Host greets you"", ""Washer"", ""Iron"", ""Wifi"", ""Refrigerator"", ""Bed linens"", ""Smoking allowed"", ""Hot water"", ""Crib"", ""Kitchen"", ""Hair dryer"", ""TV"", ""Dishwasher"", ""Stove""]"
1274548019858045776,2634978,Isole,San Polo,45.43846896473091,12.32343206008297,Entire rental unit,Entire home/apt,8,2.0,2.0,4.0,2 baths,1,1125,1125,1125,429.0,0,8,28,292,0,0,0,2222-01-01,2222-01-01,-222.0,-222.0,-222.0,-222.0,-222.0,-222.0,-222.0,-222.0,t,f,2012-06-14,within an hour,0.99,0.99,t,t,139.0,139.0,134,0,0,IT027042C2J4IR8YOL,"[""Heating"", ""Essentials"", ""Air conditioning"", ""Pets allowed"", ""Oven"", ""Host greets you"", ""Washer"", ""Iron"", ""Bathtub"", ""Wifi"", ""Refrigerator"", ""Bed linens"", ""Smoking allowed"", ""Hot water"", ""Crib"", ""Kitchen"", ""Hair dryer"", ""TV"", ""Dishwasher"", ""Stove""]"
1304303738234747433,2634978,Isole,San Marco,45.43428,12.33306,Entire rental unit,Entire home/apt,4,1.0,1.0,2.0,1 bath,1,1125,1125,1125,192.0,6,17,33,297,4,4,1,2025-04-12,2025-05-31,1.79,4.25,4.0,4.75,4.5,4.0,4.75,4.25,t,f,2012-06-14,within an hour,0.99,0.99,t,t,139.0,139.0,134,0,0,IT027042C2FR9PGUA9,"[""Microwave"", ""Heating"", ""Essentials"", ""Air conditioning"", ""Pets allowed"", ""Host greets you"", ""Hot water kettle"", ""Washer"", ""Iron"", ""Wifi"", ""Refrigerator"", ""Bed linens"", ""Smoking allowed"", ""Hot water"", ""Crib"", ""Kitchen"", ""Smoke alarm"", ""Hair dryer"", ""TV"", ""Carbon monoxide alarm"", ""Stove""]"
1346198446187765553,2634978,Isole,Castello,45.43703,12.33877,Entire rental unit,Entire home/apt,2,1.0,1.0,1.0,1 bath,1,1125,1125,1125,159.0,17,47,69,339,3,3,0,2025-02-23,2025-05-06,0.78,4.33,4.67,3.67,5.0,5.0,5.0,4.33,t,f,2012-06-14,within an hour,0.99,0.99,t,t,139.0,139.0,134,0,0,IT027042C2JRZASPQS,"[""Refrigerator"", ""Bed linens"", ""Host greets you"", ""Heating"", ""Essentials"", ""Air conditioning"", ""Dishes and silverware"", ""Stove"", ""Hot water"", ""Crib"", ""Carbon monoxide alarm"", ""Kitchen"", ""Iron"", ""Smoke alarm"", ""Pets allowed"", ""Hair dryer"", ""Wifi""]"
1351301164939770232,2634978,Isole,Dorsoduro,45.428865208275255,12.329969618339584,Entire rental unit,Entire home/apt,6,2.0,2.0,5.0,2 baths,1,1125,1125,1125,196.0,10,33,60,325,2,2,0,2025-02-23,2025-04-27,0.52,4.5,4.5,5.0,5.0,5.0,5.0,4.5,t,f,2012-06-14,within an hour,0.99,0.99,t,t,139.0,139.0,134,0,0,IT027042B4DYTVZ675,"[""Heating"", ""Essentials"", ""Air conditioning"", ""Coffee maker"", ""Dishes and silverware"", ""Stove"", ""Fire extinguisher"", ""Pets allowed"", ""Oven"", ""Host greets you"", ""Washer"", ""Iron"", ""Bathtub"", ""Wifi"", ""Refrigerator"", ""Bed linens"", ""Patio or balcony"", ""Toaster"", ""Hot water"", ""Crib"", ""Kitchen"", ""Hair dryer"", ""Carbon monoxide alarm"", ""Dishwasher"", ""TV"", ""Freezer""]"
1353580369173035247,2634978,Isole,Cannaregio,45.44571,12.32187,Entire rental unit,Entire home/apt,4,1.0,2.0,3.0,1 bath,1,1125,1125,1125,170.0,30,60,90,365,4,4,0,2025-02-24,2025-04-25,1.05,3.75,4.75,4.25,5.0,5.0,5.0,4.0,t,f,2012-06-14,within an hour,0.99,0.99,t,t,139.0,139.0,134,0,0,IT027042B4XGN3MGTE,"[""Bed linens"", ""Host greets you"", ""Heating"", ""Essentials"", ""Air conditioning"", ""Dishes and silverware"", ""Stove"", ""Hot water"", ""Crib"", ""Carbon monoxide alarm"", ""Fire extinguisher"", ""Iron"", ""Smoke alarm"", ""Kitchen"", ""Bathtub"", ""Wifi"", ""Hair dryer""]"
1359254542892272496,2634978,Isole,San Polo,45.43710570605235,12.329472094019248,Entire rental unit,Entire home/apt,1,2.5,2.0,4.0,2.5 baths,1,1125,1125,1125,282.0,0,27,57,332,0,0,0,2222-01-01,2222-01-01,-222.0,-222.0,-222.0,-222.0,-222.0,-222.0,-222.0,-222.0,t,f,2012-06-14,within an hour,0.99,0.99,t,t,139.0,139.0,134,0,0,IT027042C2EB97GOUI,"[""Microwave"", ""Heating"", ""Essentials"", ""Air conditioning"", ""Coffee maker"", ""Dishes and silverware"", ""Pets allowed"", ""Oven"", ""Host greets you"", ""Washer"", ""Iron"", ""Wifi"", ""Refrigerator"", ""Bed linens"", ""Hot water"", ""Crib"", ""Kitchen"", ""Smoke alarm"", ""Hair dryer"", ""TV"", ""Carbon monoxide alarm"", ""Dishwasher"", ""Stove""]"
1359916708058728026,2634978,Isole,Castello,45.43663,12.34032,Entire rental unit,Entire home/apt,10,3.0,4.0,6.0,3 baths,1,1125,1125,1125,764.0,0,7,17,252,1,1,1,2025-06-03,2025-06-03,1.0,5.0,5.0,5.0,5.0,5.0,5.0,5.0,t,f,2012-06-14,within an hour,0.99,0.99,t,t,139.0,139.0,134,0,0,IT027042C2JRZASPQS,"[""Heating"", ""Essentials"", ""Air conditioning"", ""Dishes and silverware"", ""Oven"", ""Host greets you"", ""Washer"", ""Iron"", ""Bathtub"", ""Wifi"", ""Refrigerator"", ""Bed linens"", ""Patio or balcony"", ""Hot water"", ""Crib"", ""Kitchen"", ""Smoke alarm"", ""Hair dryer"", ""Carbon monoxide alarm"", ""Dishwasher"", ""Stove""]"
1360810799584509413,2634978,Isole,Santa Croce,45.44098,12.33035,Entire rental unit,Entire home/apt,4,1.0,1.0,2.0,1 bath,1,1125,1125,1125,160.0,25,52,82,349,4,4,0,2025-03-04,2025-05-09,1.13,3.5,3.75,3.0,3.5,3.75,4.25,3.0,t,f,2012-06-14,within an hour,0.99,0.99,t,t,139.0,139.0,134,0,0,IT027042C25WFIO7Y8,"[""Heating"", ""Essentials"", ""Air conditioning"", ""Pets allowed"", ""Host greets you"", ""Washer"", ""Iron"", ""Wifi"", ""Refrigerator"", ""Bed linens"", ""Smoking allowed"", ""Patio or balcony"", ""Hot water"", ""Crib"", ""Kitchen"", ""Smoke alarm"", ""Hair dryer"", ""TV"", ""Carbon monoxide alarm"", ""Dishwasher"", ""Stove""]"
1371573987727490204,2634978,Isole,San Marco,45.43421,12.34056,Entire rental unit,Entire home/apt,6,2.0,2.0,3.0,2 baths,1,1125,1125,1125,441.0,14,34,45,303,0,0,0,2222-01-01,2222-01-01,-222.0,-222.0,-222.0,-222.0,-222.0,-222.0,-222.0,-222.0,f,f,2012-06-14,within an hour,0.99,0.99,t,t,139.0,139.0,134,0,0,IT027042C2QM5K2IYX,"[""Heating"", ""Essentials"", ""Air conditioning"", ""Coffee maker"", ""Dishes and silverware"", ""Fire extinguisher"", ""Oven"", ""Host greets you"", ""Cooking basics"", ""Washer"", ""Iron"", ""Wifi"", ""Refrigerator"", ""Bed linens"", ""Patio or balcony"", ""Hot water"", ""Crib"", ""Kitchen"", ""Hair dryer"", ""TV"", ""Carbon monoxide alarm"", ""Dishwasher"", ""Stove""]"
1381829930870066597,2634978,Isole,San Marco,45.43281,12.33756,Entire rental unit,Entire home/apt,5,2.0,3.0,4.0,2 baths,1,1125,1125,1125,262.0,6,20,31,293,2,2,1,2025-04-08,2025-05-26,0.85,5.0,5.0,5.0,5.0,5.0,5.0,5.0,t,f,2012-06-14,within an hour,0.99,0.99,t,t,139.0,139.0,134,0,0,IT027042C2LFZS57X3,"[""Microwave"", ""Heating"", ""Essentials"", ""Air conditioning"", ""Coffee maker"", ""Dishes and silverware"", ""Stove"", ""Fire extinguisher"", ""Host greets you"", ""Hot water kettle"", ""Washer"", ""Iron"", ""Bathtub"", ""Wifi"", ""Refrigerator"", ""Bed linens"", ""Toaster"", ""Hot water"", ""Crib"", ""Kitchen"", ""Hair dryer"", ""Carbon monoxide alarm"", ""Elevator"", ""TV"", ""Freezer""]"
1430281196186724589,2634978,Isole,Dorsoduro,45.431105,12.3207294,Entire rental unit,Entire home/apt,3,1.0,2.0,2.0,1 bath,1,1125,1125,1125,1999.0,17,47,65,154,0,0,0,2222-01-01,2222-01-01,-222.0,-222.0,-222.0,-222.0,-222.0,-222.0,-222.0,-222.0,t,f,2012-06-14,within an hour,0.99,0.99,t,t,139.0,139.0,134,0,0,IT027042C2NQLMCMH7,"[""Heating"", ""Essentials"", ""Air conditioning"", ""Dishes and silverware"", ""Fire extinguisher"", ""Oven"", ""Host greets you"", ""Cooking basics"", ""Washer"", ""Wifi"", ""Refrigerator"", ""Bed linens"", ""Hot water"", ""Crib"", ""Kitchen"", ""Hair dryer"", ""TV"", ""Carbon monoxide alarm"", ""Dishwasher"", ""Stove""]"
